timestamp,global_SRPT6_credit_sent_ratio
10.000000100000,1.00
10.000001120000,1.00
10.000002140000,1.00
10.000003160000,0.00
10.000004180000,0.00
10.000005200000,0.00
10.000006220000,0.00
10.000007240000,0.00
10.000008260000,0.00
10.000009280000,0.00
10.000010300000,0.00
10.000011320000,0.00
10.000012340000,0.00
10.000013360000,0.00
10.000014380000,0.00
10.000015400000,0.00
10.000016420000,0.00
10.000017440000,0.00
10.000018460000,0.00
10.000019480000,0.00
10.000020500000,0.00
10.000021520000,0.00
10.000022540000,0.00
10.000023560000,0.00
10.000024580000,0.00
10.000025600000,0.00
10.000026620000,0.00
10.000027640000,0.00
10.000028660000,0.00
10.000029680000,0.00
10.000030700000,0.00
10.000031720000,0.00
10.000032740000,0.00
10.000033760000,0.00
10.000034780000,0.00
10.000035800000,0.00
10.000036820000,0.00
10.000037840000,0.00
10.000038860000,0.00
10.000039880000,0.00
10.000040900000,0.00
10.000041920000,0.00
10.000042940000,0.00
10.000043960000,0.00
10.000044980000,0.00
10.000046000000,0.00
10.000047020000,0.00
10.000048040000,0.00
10.000049060000,0.00
10.000050080000,0.00
10.000051100000,0.00
10.000052120000,0.00
10.000053140000,0.00
10.000054160000,0.00
10.000055180000,0.00
10.000056200000,0.00
10.000057220000,0.00
10.000058240000,0.00
10.000059260000,0.00
10.000060280000,0.00
10.000061300000,0.00
10.000062320000,0.00
10.000063340000,0.00
10.000064360000,0.00
10.000065380000,0.00
10.000066400000,0.00
10.000067420000,0.00
10.000068440000,0.00
10.000069460000,0.00
10.000070480000,0.00
10.000071500000,0.00
10.000072520000,0.00
10.000073540000,0.00
10.000074560000,0.00
10.000075580000,0.00
10.000076600000,0.00
10.000077620000,0.00
10.000078640000,0.00
10.000079660000,0.00
10.000080680000,0.00
10.000081700000,0.00
10.000082720000,0.00
10.000083740000,0.00
10.000084760000,0.00
10.000085780000,0.00
10.000086800000,0.00
10.000087820000,0.00
10.000088840000,0.00
10.000089860000,0.00
10.000090880000,0.00
10.000091900000,0.00
10.000092920000,0.00
10.000093940000,0.00
10.000094960000,0.00
10.000095980000,0.00
10.000097000000,0.00
10.000098020000,0.00
10.000099040000,0.00
10.000100060000,0.00
10.000101080000,0.00
10.000102100000,0.00
10.000103120000,0.00
10.000104140000,0.00
10.000105160000,0.00
10.000106180000,0.00
10.000107200000,0.00
10.000108220000,0.00
10.000109240000,0.00
10.000110260000,0.00
10.000111280000,0.00
10.000112300000,0.00
10.000113320000,0.00
10.000114340000,0.00
10.000115360000,0.00
10.000116380000,0.00
10.000117400000,0.00
10.000118420000,0.00
10.000119440000,0.00
10.000120460000,0.00
10.000121480000,0.00
10.000122500000,0.00
10.000123520000,0.00
10.000124540000,0.00
10.000125560000,0.00
10.000126580000,0.00
10.000127600000,0.00
10.000128620000,0.00
10.000129640000,0.00
10.000130660000,0.00
10.000131680000,0.00
10.000132700000,0.00
10.000133720000,0.00
10.000134740000,0.00
10.000135760000,0.00
10.000136780000,0.00
10.000137800000,0.00
10.000138820000,0.00
10.000139840000,0.00
10.000140860000,0.00
10.000141880000,0.00
10.000142900000,0.00
10.000143920000,0.00
10.000144940000,0.00
10.000145960000,0.00
10.000146980000,0.00
10.000148000000,0.00
10.000149020000,0.00
10.000150040000,0.00
10.000151060000,0.00
10.000152080000,0.00
10.000153100000,0.00
10.000154120000,0.00
10.000155140000,0.00
10.000156160000,0.00
10.000157180000,0.00
10.000158200000,0.00
10.000159220000,0.00
10.000160240000,0.00
10.000161260000,0.00
10.000162280000,0.00
10.000163300000,0.00
10.000164320000,0.00
10.000165340000,0.00
10.000166360000,0.00
10.000167380000,0.00
10.000168400000,0.00
10.000169420000,0.00
10.000170440000,0.00
10.000171460000,0.00
10.000172480000,0.00
10.000173500000,0.00
10.000174520000,0.00
10.000175540000,0.00
10.000176560000,0.00
10.000177580000,0.00
10.000178600000,0.00
10.000179620000,0.00
10.000180640000,0.00
10.000181660000,0.00
10.000182680000,0.00
10.000183700000,0.00
10.000184720000,0.00
10.000185740000,0.00
10.000186760000,0.00
10.000187780000,0.00
10.000188800000,0.00
10.000189820000,0.00
10.000190840000,0.00
10.000191860000,0.00
10.000192880000,0.00
10.000193900000,0.00
10.000194920000,0.00
10.000195940000,0.00
10.000196960000,0.00
10.000197980000,0.00
10.000199000000,0.00
10.000200020000,0.00
10.000201040000,0.00
10.000202060000,0.00
10.000203080000,0.00
10.000204100000,0.00
10.000205120000,0.00
10.000206140000,0.00
10.000207160000,0.00
10.000208180000,0.00
10.000209200000,0.00
10.000210220000,0.00
10.000211240000,0.00
10.000212260000,0.00
10.000213280000,0.00
10.000214300000,0.00
10.000215320000,0.00
10.000216340000,0.00
10.000217360000,0.00
10.000218380000,0.00
10.000219400000,0.00
10.000220420000,0.00
10.000221440000,0.00
10.000222460000,0.00
10.000223480000,0.00
10.000224500000,0.00
10.000225520000,0.00
10.000226540000,0.00
10.000227560000,0.00
10.000228580000,0.00
10.000229600000,0.00
10.000230620000,0.00
10.000231640000,0.00
10.000232660000,0.00
10.000233680000,0.00
10.000234700000,0.00
10.000235720000,0.00
10.000236740000,0.00
10.000237760000,0.00
10.000238780000,0.00
10.000239800000,0.00
10.000240820000,0.00
10.000241840000,0.00
10.000242860000,0.00
10.000243880000,0.00
10.000244900000,0.00
10.000245920000,0.00
10.000246940000,0.00
10.000247960000,0.00
10.000248980000,0.00
10.000250000000,0.00
10.000251020000,0.00
10.000252040000,0.00
10.000253060000,0.00
10.000254080000,0.00
10.000255100000,0.00
10.000256120000,0.00
10.000257140000,0.00
10.000258160000,0.00
10.000259180000,0.00
10.000260200000,0.00
10.000261220000,0.00
10.000262240000,0.00
10.000263260000,0.00
10.000264280000,0.00
10.000265300000,0.00
10.000266320000,0.00
10.000267340000,0.00
10.000268360000,0.00
10.000269380000,0.00
10.000270400000,0.00
10.000271420000,0.00
10.000272440000,0.00
10.000273460000,0.00
10.000274480000,0.00
10.000275500000,0.00
10.000276520000,0.00
10.000277540000,0.00
10.000278560000,0.00
10.000279580000,0.00
10.000280600000,0.00
10.000281620000,0.00
10.000282640000,0.00
10.000283660000,0.00
10.000284680000,0.00
10.000285700000,0.00
10.000286720000,0.00
10.000287740000,0.00
10.000288760000,0.00
10.000289780000,0.00
10.000290800000,0.00
10.000291820000,0.00
10.000292840000,0.00
10.000293860000,0.00
10.000294880000,0.00
10.000295900000,0.00
10.000296920000,0.00
10.000297940000,0.00
10.000298960000,0.00
10.000299980000,0.00
10.000301000000,0.00
10.000302020000,0.00
10.000303040000,0.00
10.000304060000,0.00
10.000305080000,0.00
10.000306100000,0.00
10.000307120000,0.00
10.000308140000,0.00
10.000309160000,0.00
10.000310180000,0.00
10.000311200000,0.00
10.000312220000,0.00
10.000313240000,0.00
10.000314260000,0.00
10.000315280000,0.00
10.000316300000,0.00
10.000317320000,0.00
10.000318340000,0.00
10.000319360000,0.00
10.000320380000,0.00
10.000321400000,0.00
10.000322420000,0.00
10.000323440000,0.00
10.000324460000,0.00
10.000325480000,0.00
10.000326500000,0.00
10.000327520000,0.00
10.000328540000,0.00
10.000329560000,0.00
10.000330580000,0.00
10.000331600000,0.00
10.000332620000,0.00
10.000333640000,0.00
10.000334660000,0.00
10.000335680000,0.00
10.000336700000,0.00
10.000337720000,0.00
10.000338740000,0.00
10.000339760000,0.00
10.000340780000,0.00
10.000341800000,0.00
10.000342820000,0.00
10.000343840000,0.00
10.000344860000,0.00
10.000345880000,0.00
10.000346900000,0.00
10.000347920000,0.00
10.000348940000,0.00
10.000349960000,0.00
10.000350980000,0.00
10.000352000000,0.00
10.000353020000,0.00
10.000354040000,0.00
10.000355060000,0.00
10.000356080000,0.00
10.000357100000,0.00
10.000358120000,0.00
10.000359140000,0.00
10.000360160000,0.00
10.000361180000,0.00
10.000362200000,0.00
10.000363220000,0.00
10.000364240000,0.00
10.000365260000,0.00
10.000366280000,0.00
10.000367300000,0.00
10.000368320000,0.00
10.000369340000,0.00
10.000370360000,0.00
10.000371380000,0.00
10.000372400000,0.00
10.000373420000,0.00
10.000374440000,0.00
10.000375460000,0.00
10.000376480000,0.00
10.000377500000,0.00
10.000378520000,0.00
10.000379540000,0.00
10.000380560000,0.00
10.000381580000,0.00
10.000382600000,0.00
10.000383620000,0.00
10.000384640000,0.00
10.000385660000,0.00
10.000386680000,0.00
10.000387700000,0.00
10.000388720000,0.00
10.000389740000,0.00
10.000390760000,0.00
10.000391780000,0.00
10.000392800000,0.00
10.000393820000,0.00
10.000394840000,0.00
10.000395860000,0.00
10.000396880000,0.00
10.000397900000,0.00
10.000398920000,0.00
10.000399940000,0.00
10.000400960000,0.00
10.000401980000,0.00
10.000403000000,0.00
10.000404020000,0.00
10.000405040000,0.00
10.000406060000,0.00
10.000407080000,0.00
10.000408100000,0.00
10.000409120000,0.00
10.000410140000,0.00
10.000411160000,0.00
10.000412180000,0.00
10.000413200000,0.00
10.000414220000,0.00
10.000415240000,0.00
10.000416260000,0.00
10.000417280000,0.00
10.000418300000,0.00
10.000419320000,0.00
10.000420340000,0.00
10.000421360000,0.00
10.000422380000,0.00
10.000423400000,0.00
10.000424420000,0.00
10.000425440000,0.00
10.000426460000,0.00
10.000427480000,0.00
10.000428500000,0.00
10.000429520000,0.00
10.000430540000,0.00
10.000431560000,0.00
10.000432580000,0.00
10.000433600000,0.00
10.000434620000,0.00
10.000435640000,0.00
10.000436660000,0.00
10.000437680000,0.00
10.000438700000,0.00
10.000439720000,0.00
10.000440740000,0.00
10.000441760000,0.00
10.000442780000,0.00
10.000443800000,0.00
10.000444820000,0.00
10.000445840000,0.00
10.000446860000,0.00
10.000447880000,0.00
10.000448900000,0.00
10.000449920000,0.00
10.000450940000,0.00
10.000451960000,0.00
10.000452980000,0.00
10.000454000000,0.00
10.000455020000,0.00
10.000456040000,0.00
10.000457060000,0.00
10.000458080000,0.00
10.000459100000,0.00
10.000460120000,0.00
10.000461140000,0.00
10.000462160000,0.00
10.000463180000,0.00
10.000464200000,0.00
10.000465220000,0.00
10.000466240000,0.00
10.000467260000,0.00
10.000468280000,0.00
10.000469300000,0.00
10.000470320000,0.00
10.000471340000,0.00
10.000472360000,0.00
10.000473380000,0.00
10.000474400000,0.00
10.000475420000,0.00
10.000476440000,0.00
10.000477460000,0.00
10.000478480000,0.00
10.000479500000,0.00
10.000480520000,0.00
10.000481540000,0.00
10.000482560000,0.00
10.000483580000,0.00
10.000484600000,0.00
10.000485620000,0.00
10.000486640000,0.00
10.000487660000,0.00
10.000488680000,0.00
10.000489700000,0.00
10.000490720000,0.00
10.000491740000,0.00
10.000492760000,0.00
10.000493780000,0.00
10.000494800000,0.00
10.000495820000,0.00
10.000496840000,0.00
10.000497860000,0.00
10.000498880000,0.00
10.000499900000,0.00
10.000500920000,0.00
10.000501940000,0.00
10.000502960000,0.00
10.000503980000,0.00
10.000505000000,0.00
10.000506020000,0.00
10.000507040000,0.00
10.000508060000,0.00
10.000509080000,0.00
10.000510100000,0.00
10.000511120000,0.00
10.000512140000,0.00
10.000513160000,0.00
10.000514180000,0.00
10.000515200000,0.00
10.000516220000,0.00
10.000517240000,0.00
10.000518260000,0.00
10.000519280000,0.00
10.000520300000,0.00
10.000521320000,0.00
10.000522340000,0.00
10.000523360000,0.00
10.000524380000,0.00
10.000525400000,0.00
10.000526420000,0.00
10.000527440000,0.00
10.000528460000,0.00
10.000529480000,0.00
10.000530500000,0.00
10.000531520000,0.00
10.000532540000,0.00
10.000533560000,0.00
10.000534580000,0.00
10.000535600000,0.00
10.000536620000,0.00
10.000537640000,0.00
10.000538660000,0.00
10.000539680000,0.00
10.000540700000,0.00
10.000541720000,0.00
10.000542740000,0.00
10.000543760000,0.00
10.000544780000,0.00
10.000545800000,0.00
10.000546820000,0.00
10.000547840000,0.00
10.000548860000,0.00
10.000549880000,0.00
10.000550900000,0.00
10.000551920000,0.00
10.000552940000,0.00
10.000553960000,0.00
10.000554980000,0.00
10.000556000000,0.00
10.000557020000,0.00
10.000558040000,0.00
10.000559060000,0.00
10.000560080000,0.00
10.000561100000,0.00
10.000562120000,0.00
10.000563140000,0.00
10.000564160000,0.00
10.000565180000,0.00
10.000566200000,0.00
10.000567220000,0.00
10.000568240000,0.00
10.000569260000,0.00
10.000570280000,0.00
10.000571300000,0.00
10.000572320000,0.00
10.000573340000,0.00
10.000574360000,0.00
10.000575380000,0.00
10.000576400000,0.00
10.000577420000,0.00
10.000578440000,0.00
10.000579460000,0.00
10.000580480000,0.00
10.000581500000,0.00
10.000582520000,0.00
10.000583540000,0.00
10.000584560000,0.00
10.000585580000,0.00
10.000586600000,0.00
10.000587620000,0.00
10.000588640000,0.00
10.000589660000,0.00
10.000590680000,0.00
10.000591700000,0.00
10.000592720000,0.00
10.000593740000,0.00
10.000594760000,0.00
10.000595780000,0.00
10.000596800000,0.00
10.000597820000,0.00
10.000598840000,0.00
10.000599860000,0.00
10.000600880000,0.00
10.000601900000,0.00
10.000602920000,0.00
10.000603940000,0.00
10.000604960000,0.00
10.000605980000,0.00
10.000607000000,0.00
10.000608020000,0.00
10.000609040000,0.00
10.000610060000,0.00
10.000611080000,0.00
10.000612100000,0.00
10.000613120000,0.00
10.000614140000,0.00
10.000615160000,0.00
10.000616180000,0.00
10.000617200000,0.00
10.000618220000,0.00
10.000619240000,0.00
10.000620260000,0.00
10.000621280000,0.00
10.000622300000,0.00
10.000623320000,0.00
10.000624340000,0.00
10.000625360000,0.00
10.000626380000,0.00
10.000627400000,0.00
10.000628420000,0.00
10.000629440000,0.00
10.000630460000,0.00
10.000631480000,0.00
10.000632500000,0.00
10.000633520000,0.00
10.000634540000,0.00
10.000635560000,0.00
10.000636580000,0.00
10.000637600000,0.00
10.000638620000,0.00
10.000639640000,0.00
10.000640660000,0.00
10.000641680000,0.00
10.000642700000,0.00
10.000643720000,0.00
10.000644740000,0.00
10.000645760000,0.00
10.000646780000,0.00
10.000647800000,0.00
10.000648820000,0.00
10.000649840000,0.00
10.000650860000,0.00
10.000651880000,0.00
10.000652900000,0.00
10.000653920000,0.00
10.000654940000,0.00
10.000655960000,0.00
10.000656980000,0.00
10.000658000000,0.00
10.000659020000,0.00
10.000660040000,0.00
10.000661060000,0.00
10.000662080000,0.00
10.000663100000,0.00
10.000664120000,0.00
10.000665140000,0.00
10.000666160000,0.00
10.000667180000,0.00
10.000668200000,0.00
10.000669220000,0.00
10.000670240000,0.00
10.000671260000,0.00
10.000672280000,0.00
10.000673300000,0.00
10.000674320000,0.00
10.000675340000,0.00
10.000676360000,0.00
10.000677380000,0.00
10.000678400000,0.00
10.000679420000,0.00
10.000680440000,0.00
10.000681460000,0.00
10.000682480000,0.00
10.000683500000,0.00
10.000684520000,0.00
10.000685540000,0.00
10.000686560000,0.00
10.000687580000,0.00
10.000688600000,0.00
10.000689620000,0.00
10.000690640000,0.00
10.000691660000,0.00
10.000692680000,0.00
10.000693700000,0.00
10.000694720000,0.00
10.000695740000,0.00
10.000696760000,0.00
10.000697780000,0.00
10.000698800000,0.00
10.000699820000,0.00
10.000700840000,0.00
10.000701860000,0.00
10.000702880000,0.00
10.000703900000,0.00
10.000704920000,0.00
10.000705940000,0.00
10.000706960000,0.00
10.000707980000,0.00
10.000709000000,0.00
10.000710020000,0.00
10.000711040000,0.00
10.000712060000,0.00
10.000713080000,0.00
10.000714100000,0.00
10.000715120000,0.00
10.000716140000,0.00
10.000717160000,0.00
10.000718180000,0.00
10.000719200000,0.00
10.000720220000,0.00
10.000721240000,0.00
10.000722260000,0.00
10.000723280000,0.00
10.000724300000,0.00
10.000725320000,0.00
10.000726340000,0.00
10.000727360000,0.00
10.000728380000,0.00
10.000729400000,0.00
10.000730420000,0.00
10.000731440000,0.00
10.000732460000,0.00
10.000733480000,0.00
10.000734500000,0.00
10.000735520000,0.00
10.000736540000,0.00
10.000737560000,0.00
10.000738580000,0.00
10.000739600000,0.00
10.000740620000,0.00
10.000741640000,0.00
10.000742660000,0.00
10.000743680000,0.00
10.000744700000,0.00
10.000745720000,0.00
10.000746740000,0.00
10.000747760000,0.00
10.000748780000,0.00
10.000749800000,0.00
10.000750820000,0.00
10.000751840000,0.00
10.000752860000,0.00
10.000753880000,0.00
10.000754900000,0.00
10.000755920000,0.00
10.000756940000,0.00
10.000757960000,0.00
10.000758980000,0.00
10.000760000000,0.00
10.000761020000,0.00
10.000762040000,0.00
10.000763060000,0.00
10.000764080000,0.00
10.000765100000,0.00
10.000766120000,0.00
10.000767140000,0.00
10.000768160000,0.00
10.000769180000,0.00
10.000770200000,0.00
10.000771220000,0.00
10.000772240000,0.00
10.000773260000,0.00
10.000774280000,0.00
10.000775300000,0.00
10.000776320000,0.00
10.000777340000,0.00
10.000778360000,0.00
10.000779380000,0.00
10.000780400000,0.00
10.000781420000,0.00
10.000782440000,0.00
10.000783460000,0.00
10.000784480000,0.00
10.000785500000,0.00
10.000786520000,0.00
10.000787540000,0.00
10.000788560000,0.00
10.000789580000,0.00
10.000790600000,0.00
10.000791620000,0.00
10.000792640000,0.00
10.000793660000,0.00
10.000794680000,0.00
10.000795700000,0.00
10.000796720000,0.00
10.000797740000,0.00
10.000798760000,0.00
10.000799780000,0.00
10.000800800000,0.00
10.000801820000,0.00
10.000802840000,0.00
10.000803860000,0.00
10.000804880000,0.00
10.000805900000,0.00
10.000806920000,0.00
10.000807940000,0.00
10.000808960000,0.00
10.000809980000,0.00
10.000811000000,0.00
10.000812020000,0.00
10.000813040000,0.00
10.000814060000,0.00
10.000815080000,0.00
10.000816100000,0.00
10.000817120000,0.00
10.000818140000,0.00
10.000819160000,0.00
10.000820180000,0.00
10.000821200000,0.00
10.000822220000,0.00
10.000823240000,0.00
10.000824260000,0.00
10.000825280000,0.00
10.000826300000,0.00
10.000827320000,0.00
10.000828340000,0.00
10.000829360000,0.00
10.000830380000,0.00
10.000831400000,0.00
10.000832420000,0.00
10.000833440000,0.00
10.000834460000,0.00
10.000835480000,0.00
10.000836500000,0.00
10.000837520000,0.00
10.000838540000,0.00
10.000839560000,0.00
10.000840580000,0.00
10.000841600000,0.00
10.000842620000,0.00
10.000843640000,0.00
10.000844660000,0.00
10.000845680000,0.00
10.000846700000,0.00
10.000847720000,0.00
10.000848740000,0.00
10.000849760000,0.00
10.000850780000,0.00
10.000851800000,0.00
10.000852820000,0.00
10.000853840000,0.00
10.000854860000,0.00
10.000855880000,0.00
10.000856900000,0.00
10.000857920000,0.00
10.000858940000,0.00
10.000859960000,0.00
10.000860980000,0.00
10.000862000000,0.00
10.000863020000,0.00
10.000864040000,0.00
10.000865060000,0.00
10.000866080000,0.00
10.000867100000,0.00
10.000868120000,0.00
10.000869140000,0.00
10.000870160000,0.00
10.000871180000,0.00
10.000872200000,0.00
10.000873220000,0.00
10.000874240000,0.00
10.000875260000,0.00
10.000876280000,0.00
10.000877300000,0.00
10.000878320000,0.00
10.000879340000,0.00
10.000880360000,0.00
10.000881380000,0.00
10.000882400000,0.00
10.000883420000,0.00
10.000884440000,0.00
10.000885460000,0.00
10.000886480000,0.00
10.000887500000,0.00
10.000888520000,0.00
10.000889540000,0.00
10.000890560000,0.00
10.000891580000,0.00
10.000892600000,0.00
10.000893620000,0.00
10.000894640000,0.00
10.000895660000,0.00
10.000896680000,0.00
10.000897700000,0.00
10.000898720000,0.00
10.000899740000,0.00
10.000900760000,0.00
10.000901780000,0.00
10.000902800000,0.00
10.000903820000,0.00
10.000904840000,0.00
10.000905860000,0.00
10.000906880000,0.00
10.000907900000,0.00
10.000908920000,0.00
10.000909940000,0.00
10.000910960000,0.00
10.000911980000,0.00
10.000913000000,0.00
10.000914020000,0.00
10.000915040000,0.00
10.000916060000,0.00
10.000917080000,0.00
10.000918100000,0.00
10.000919120000,0.00
10.000920140000,0.00
10.000921160000,0.00
10.000922180000,0.00
10.000923200000,0.00
10.000924220000,0.00
10.000925240000,0.00
10.000926260000,0.00
10.000927280000,0.00
10.000928300000,0.00
10.000929320000,0.00
10.000930340000,0.00
10.000931360000,0.00
10.000932380000,0.00
10.000933400000,0.00
10.000934420000,0.00
10.000935440000,0.00
10.000936460000,0.00
10.000937480000,0.00
10.000938500000,0.00
10.000939520000,0.00
10.000940540000,0.00
10.000941560000,0.00
10.000942580000,0.00
10.000943600000,0.00
10.000944620000,0.00
10.000945640000,0.00
10.000946660000,0.00
10.000947680000,0.00
10.000948700000,0.00
10.000949720000,0.00
10.000950740000,0.00
10.000951760000,0.00
10.000952780000,0.00
10.000953800000,0.00
10.000954820000,0.00
10.000955840000,0.00
10.000956860000,0.00
10.000957880000,0.00
10.000958900000,0.00
10.000959920000,0.00
10.000960940000,0.00
10.000961960000,0.00
10.000962980000,0.00
10.000964000000,0.00
10.000965020000,0.00
10.000966040000,0.00
10.000967060000,0.00
10.000968080000,0.00
10.000969100000,0.00
10.000970120000,0.00
10.000971140000,0.00
10.000972160000,0.00
10.000973180000,0.00
10.000974200000,0.00
10.000975220000,0.00
10.000976240000,0.00
10.000977260000,0.00
10.000978280000,0.00
10.000979300000,0.00
10.000980320000,0.00
10.000981340000,0.00
10.000982360000,0.00
10.000983380000,0.00
10.000984400000,0.00
10.000985420000,0.00
10.000986440000,0.00
10.000987460000,0.00
10.000988480000,0.00
10.000989500000,0.00
10.000990520000,0.00
10.000991540000,0.00
10.000992560000,0.00
10.000993580000,0.00
10.000994600000,0.00
10.000995620000,0.00
10.000996640000,0.00
10.000997660000,0.00
10.000998680000,0.00
10.000999700000,0.00
10.001000720000,0.00
10.001001740000,0.00
10.001002760000,0.00
10.001003780000,0.00
10.001004800000,0.00
10.001005820000,0.00
10.001006840000,0.00
10.001007860000,0.00
10.001008880000,0.00
10.001009900000,0.00
10.001010920000,0.00
10.001011940000,0.00
10.001012960000,0.00
10.001013980000,0.00
10.001015000000,0.00
10.001016020000,0.00
10.001017040000,0.00
10.001018060000,0.00
10.001019080000,0.00
10.001020100000,0.00
10.001021120000,0.00
10.001022140000,0.00
10.001023160000,0.00
10.001024180000,0.00
10.001025200000,0.00
10.001026220000,0.00
10.001027240000,0.00
10.001028260000,0.00
10.001029280000,0.00
10.001030300000,0.00
10.001031320000,0.00
10.001032340000,0.00
10.001033360000,0.00
10.001034380000,0.00
10.001035400000,0.00
10.001036420000,0.00
10.001037440000,0.00
10.001038460000,0.00
10.001039480000,0.00
10.001040500000,0.00
10.001041520000,0.00
10.001042540000,0.00
10.001043560000,0.00
10.001044580000,0.00
10.001045600000,0.00
10.001046620000,0.00
10.001047640000,0.00
10.001048660000,0.00
10.001049680000,0.00
10.001050700000,0.00
10.001051720000,0.00
10.001052740000,0.00
10.001053760000,0.00
10.001054780000,0.00
10.001055800000,0.00
10.001056820000,0.00
10.001057840000,0.00
10.001058860000,0.00
10.001059880000,0.00
10.001060900000,0.00
10.001061920000,0.00
10.001062940000,0.00
10.001063960000,0.00
10.001064980000,0.00
10.001066000000,0.00
10.001067020000,0.00
10.001068040000,0.00
10.001069060000,0.00
10.001070080000,0.00
10.001071100000,0.00
10.001072120000,0.00
10.001073140000,0.00
10.001074160000,0.00
10.001075180000,0.00
10.001076200000,0.00
10.001077220000,0.00
10.001078240000,0.00
10.001079260000,0.00
10.001080280000,0.00
10.001081300000,0.00
10.001082320000,0.00
10.001083340000,0.00
10.001084360000,0.00
10.001085380000,0.00
10.001086400000,0.00
10.001087420000,0.00
10.001088440000,0.00
10.001089460000,0.00
10.001090480000,0.00
10.001091500000,0.00
10.001092520000,0.00
10.001093540000,0.00
10.001094560000,0.00
10.001095580000,0.00
10.001096600000,0.00
10.001097620000,0.00
10.001098640000,0.00
10.001099660000,0.00
10.001100680000,0.00
10.001101700000,0.00
10.001102720000,0.00
10.001103740000,0.00
10.001104760000,0.00
10.001105780000,0.00
10.001106800000,0.00
10.001107820000,0.00
10.001108840000,0.00
10.001109860000,0.00
10.001110880000,0.00
10.001111900000,0.00
10.001112920000,0.00
10.001113940000,0.00
10.001114960000,0.00
10.001115980000,0.00
10.001117000000,0.00
10.001118020000,0.00
10.001119040000,0.00
10.001120060000,0.00
10.001121080000,0.00
10.001122100000,0.00
10.001123120000,0.00
10.001124140000,0.00
10.001125160000,0.00
10.001126180000,0.00
10.001127200000,0.00
10.001128220000,0.00
10.001129240000,0.00
10.001130260000,0.00
10.001131280000,0.00
10.001132300000,0.00
10.001133320000,0.00
10.001134340000,0.00
10.001135360000,0.00
10.001136380000,0.00
10.001137400000,0.00
10.001138420000,0.00
10.001139440000,0.00
10.001140460000,0.00
10.001141480000,0.00
10.001142500000,0.00
10.001143520000,0.00
10.001144540000,0.00
10.001145560000,0.00
10.001146580000,0.00
10.001147600000,0.00
10.001148620000,0.00
10.001149640000,0.00
10.001150660000,0.00
10.001151680000,0.00
10.001152700000,0.00
10.001153720000,0.00
10.001154740000,0.00
10.001155760000,0.00
10.001156780000,0.00
10.001157800000,0.00
10.001158820000,0.00
10.001159840000,0.00
10.001160860000,0.00
10.001161880000,0.00
10.001162900000,0.00
10.001163920000,0.00
10.001164940000,0.00
10.001165960000,0.00
10.001166980000,0.00
10.001168000000,0.00
10.001169020000,0.00
10.001170040000,0.00
10.001171060000,0.00
10.001172080000,0.00
10.001173100000,0.00
10.001174120000,0.00
10.001175140000,0.00
10.001176160000,0.00
10.001177180000,0.00
10.001178200000,0.00
10.001179220000,0.00
10.001180240000,0.00
10.001181260000,0.00
10.001182280000,0.00
10.001183300000,0.00
10.001184320000,0.00
10.001185340000,0.00
10.001186360000,0.00
10.001187380000,0.00
10.001188400000,0.00
10.001189420000,0.00
10.001190440000,0.00
10.001191460000,0.00
10.001192480000,0.00
10.001193500000,0.00
10.001194520000,0.00
10.001195540000,0.00
10.001196560000,0.00
10.001197580000,0.00
10.001198600000,0.00
10.001199620000,0.00
10.001200640000,0.00
10.001201660000,0.00
10.001202680000,0.00
10.001203700000,0.00
10.001204720000,0.00
10.001205740000,0.00
10.001206760000,0.00
10.001207780000,0.00
10.001208800000,0.00
10.001209820000,0.00
10.001210840000,0.00
10.001211860000,0.00
10.001212880000,0.00
10.001213900000,0.00
10.001214920000,0.00
10.001215940000,0.00
10.001216960000,0.00
10.001217980000,0.00
10.001219000000,0.00
10.001220020000,0.00
10.001221040000,0.00
10.001222060000,0.00
10.001223080000,0.00
10.001224100000,0.00
10.001225120000,0.00
10.001226140000,0.00
10.001227160000,0.00
10.001228180000,0.00
10.001229200000,0.00
10.001230220000,0.00
10.001231240000,0.00
10.001232260000,0.00
10.001233280000,0.00
10.001234300000,0.00
10.001235320000,0.00
10.001236340000,0.00
10.001237360000,0.00
10.001238380000,0.00
10.001239400000,0.00
10.001240420000,0.00
10.001241440000,0.00
10.001242460000,0.00
10.001243480000,0.00
10.001244500000,0.00
10.001245520000,0.00
10.001246540000,0.00
10.001247560000,0.00
10.001248580000,0.00
10.001249600000,0.00
10.001250620000,0.00
10.001251640000,0.00
10.001252660000,0.00
10.001253680000,0.00
10.001254700000,0.00
10.001255720000,0.00
10.001256740000,0.00
10.001257760000,0.00
10.001258780000,0.00
10.001259800000,0.00
10.001260820000,0.00
10.001261840000,0.00
10.001262860000,0.00
10.001263880000,0.00
10.001264900000,0.00
10.001265920000,0.00
10.001266940000,0.00
10.001267960000,0.00
10.001268980000,0.00
10.001270000000,0.00
10.001271020000,0.00
10.001272040000,0.00
10.001273060000,0.00
10.001274080000,0.00
10.001275100000,0.00
10.001276120000,0.00
10.001277140000,0.00
10.001278160000,0.00
10.001279180000,0.00
10.001280200000,0.00
10.001281220000,0.00
10.001282240000,0.00
10.001283260000,0.00
10.001284280000,0.00
10.001285300000,0.00
10.001286320000,0.00
10.001287340000,0.00
10.001288360000,0.00
10.001289380000,0.00
10.001290400000,0.00
10.001291420000,0.00
10.001292440000,0.00
10.001293460000,0.00
10.001294480000,0.00
10.001295500000,0.00
10.001296520000,0.00
10.001297540000,0.00
10.001298560000,0.00
10.001299580000,0.00
10.001300600000,0.00
10.001301620000,0.00
10.001302640000,0.00
10.001303660000,0.00
10.001304680000,0.00
10.001305700000,0.00
10.001306720000,0.00
10.001307740000,0.00
10.001308760000,0.00
10.001309780000,0.00
10.001310800000,0.00
10.001311820000,0.00
10.001312840000,0.00
10.001313860000,0.00
10.001314880000,0.00
10.001315900000,0.00
10.001316920000,0.00
10.001317940000,0.00
10.001318960000,0.00
10.001319980000,0.00
10.001321000000,0.00
10.001322020000,0.00
10.001323040000,0.00
10.001324060000,0.00
10.001325080000,0.00
10.001326100000,0.00
10.001327120000,0.00
10.001328140000,0.00
10.001329160000,0.00
10.001330180000,0.00
10.001331200000,0.00
10.001332220000,0.00
10.001333240000,0.00
10.001334260000,0.00
10.001335280000,0.00
10.001336300000,0.00
10.001337320000,0.00
10.001338340000,0.00
10.001339360000,0.00
10.001340380000,0.00
10.001341400000,0.00
10.001342420000,0.00
10.001343440000,0.00
10.001344460000,0.00
10.001345480000,0.00
10.001346500000,0.00
10.001347520000,0.00
10.001348540000,0.00
10.001349560000,0.00
10.001350580000,0.00
10.001351600000,0.00
10.001352620000,0.00
10.001353640000,0.00
10.001354660000,0.00
10.001355680000,0.00
10.001356700000,0.00
10.001357720000,0.00
10.001358740000,0.00
10.001359760000,0.00
10.001360780000,0.00
10.001361800000,0.00
10.001362820000,0.00
10.001363840000,0.00
10.001364860000,0.00
10.001365880000,0.00
10.001366900000,0.00
10.001367920000,0.00
10.001368940000,0.00
10.001369960000,0.00
10.001370980000,0.00
10.001372000000,0.00
10.001373020000,0.00
10.001374040000,0.00
10.001375060000,0.00
10.001376080000,0.00
10.001377100000,0.00
10.001378120000,0.00
10.001379140000,0.00
10.001380160000,0.00
10.001381180000,0.00
10.001382200000,0.00
10.001383220000,0.00
10.001384240000,0.00
10.001385260000,0.00
10.001386280000,0.00
10.001387300000,0.00
10.001388320000,0.00
10.001389340000,0.00
10.001390360000,0.00
10.001391380000,0.00
10.001392400000,0.00
10.001393420000,0.00
10.001394440000,0.00
10.001395460000,0.00
10.001396480000,0.00
10.001397500000,0.00
10.001398520000,0.00
10.001399540000,0.00
10.001400560000,0.00
10.001401580000,0.00
10.001402600000,0.00
10.001403620000,0.00
10.001404640000,0.00
10.001405660000,0.00
10.001406680000,0.00
10.001407700000,0.00
10.001408720000,0.00
10.001409740000,0.00
10.001410760000,0.00
10.001411780000,0.00
10.001412800000,0.00
10.001413820000,0.00
10.001414840000,0.00
10.001415860000,0.00
10.001416880000,0.00
10.001417900000,0.00
10.001418920000,0.00
10.001419940000,0.00
10.001420960000,0.00
10.001421980000,0.00
10.001423000000,0.00
10.001424020000,0.00
10.001425040000,0.00
10.001426060000,0.00
10.001427080000,0.00
10.001428100000,0.00
10.001429120000,0.00
10.001430140000,0.00
10.001431160000,0.00
10.001432180000,0.00
10.001433200000,0.00
10.001434220000,0.00
10.001435240000,0.00
10.001436260000,0.00
10.001437280000,0.00
10.001438300000,0.00
10.001439320000,0.00
10.001440340000,0.00
10.001441360000,0.00
10.001442380000,0.00
10.001443400000,0.00
10.001444420000,0.00
10.001445440000,0.00
10.001446460000,0.00
10.001447480000,0.00
10.001448500000,0.00
10.001449520000,0.00
10.001450540000,0.00
10.001451560000,0.00
10.001452580000,0.00
10.001453600000,0.00
10.001454620000,0.00
10.001455640000,0.00
10.001456660000,0.00
10.001457680000,0.00
10.001458700000,0.00
10.001459720000,0.00
10.001460740000,0.00
10.001461760000,0.00
10.001462780000,0.00
10.001463800000,0.00
10.001464820000,0.00
10.001465840000,0.00
10.001466860000,0.00
10.001467880000,0.00
10.001468900000,0.00
10.001469920000,0.00
10.001470940000,0.00
10.001471960000,0.00
10.001472980000,0.00
10.001474000000,0.00
10.001475020000,0.00
10.001476040000,0.00
10.001477060000,0.00
10.001478080000,0.00
10.001479100000,0.00
10.001480120000,0.00
10.001481140000,0.00
10.001482160000,0.00
10.001483180000,0.00
10.001484200000,0.00
10.001485220000,0.00
10.001486240000,0.00
10.001487260000,0.00
10.001488280000,0.00
10.001489300000,0.00
10.001490320000,0.00
10.001491340000,0.00
10.001492360000,0.00
10.001493380000,0.00
10.001494400000,0.00
10.001495420000,0.00
10.001496440000,0.00
10.001497460000,0.00
10.001498480000,0.00
10.001499500000,0.00
10.001500520000,0.00
10.001501540000,0.00
10.001502560000,0.00
10.001503580000,0.00
10.001504600000,0.00
10.001505620000,0.00
10.001506640000,0.00
10.001507660000,0.00
10.001508680000,0.00
10.001509700000,0.00
10.001510720000,0.00
10.001511740000,0.00
10.001512760000,0.00
10.001513780000,0.00
10.001514800000,0.00
10.001515820000,0.00
10.001516840000,0.00
10.001517860000,0.00
10.001518880000,0.00
10.001519900000,0.00
10.001520920000,0.00
10.001521940000,0.00
10.001522960000,0.00
10.001523980000,0.00
10.001525000000,0.00
10.001526020000,0.00
10.001527040000,0.00
10.001528060000,0.00
10.001529080000,0.00
10.001530100000,0.00
10.001531120000,0.00
10.001532140000,0.00
10.001533160000,0.00
10.001534180000,0.00
10.001535200000,0.00
10.001536220000,0.00
10.001537240000,0.00
10.001538260000,0.00
10.001539280000,0.00
10.001540300000,0.00
10.001541320000,0.00
10.001542340000,0.00
10.001543360000,0.00
10.001544380000,0.00
10.001545400000,0.00
10.001546420000,0.00
10.001547440000,0.00
10.001548460000,0.00
10.001549480000,0.00
10.001550500000,0.00
10.001551520000,0.00
10.001552540000,0.00
10.001553560000,0.00
10.001554580000,0.00
10.001555600000,0.00
10.001556620000,0.00
10.001557640000,0.00
10.001558660000,0.00
10.001559680000,0.00
10.001560700000,0.00
10.001561720000,0.00
10.001562740000,0.00
10.001563760000,0.00
10.001564780000,0.00
10.001565800000,0.00
10.001566820000,0.00
10.001567840000,0.00
10.001568860000,0.00
10.001569880000,0.00
10.001570900000,0.00
10.001571920000,0.00
10.001572940000,0.00
10.001573960000,0.00
10.001574980000,0.00
10.001576000000,0.00
10.001577020000,0.00
10.001578040000,0.00
10.001579060000,0.00
10.001580080000,0.00
10.001581100000,0.00
10.001582120000,0.00
10.001583140000,0.00
10.001584160000,0.00
10.001585180000,0.00
10.001586200000,0.00
10.001587220000,0.00
10.001588240000,0.00
10.001589260000,0.00
10.001590280000,0.00
10.001591300000,0.00
10.001592320000,0.00
10.001593340000,0.00
10.001594360000,0.00
10.001595380000,0.00
10.001596400000,0.00
10.001597420000,0.00
10.001598440000,0.00
10.001599460000,0.00
10.001600480000,0.00
10.001601500000,0.00
10.001602520000,0.00
10.001603540000,0.00
10.001604560000,0.00
10.001605580000,0.00
10.001606600000,0.00
10.001607620000,0.00
10.001608640000,0.00
10.001609660000,0.00
10.001610680000,0.00
10.001611700000,0.00
10.001612720000,0.00
10.001613740000,0.00
10.001614760000,0.00
10.001615780000,0.00
10.001616800000,0.00
10.001617820000,0.00
10.001618840000,0.00
10.001619860000,0.00
10.001620880000,0.00
10.001621900000,0.00
10.001622920000,0.00
10.001623940000,0.00
10.001624960000,0.00
10.001625980000,0.00
10.001627000000,0.00
10.001628020000,0.00
10.001629040000,0.00
10.001630060000,0.00
10.001631080000,0.00
10.001632100000,0.00
10.001633120000,0.00
10.001634140000,0.00
10.001635160000,0.00
10.001636180000,0.00
10.001637200000,0.00
10.001638220000,0.00
10.001639240000,0.00
10.001640260000,0.00
10.001641280000,0.00
10.001642300000,0.00
10.001643320000,0.00
10.001644340000,0.00
10.001645360000,0.00
10.001646380000,0.00
10.001647400000,0.00
10.001648420000,0.00
10.001649440000,0.00
10.001650460000,0.00
10.001651480000,0.00
10.001652500000,0.00
10.001653520000,0.00
10.001654540000,0.00
10.001655560000,0.00
10.001656580000,0.00
10.001657600000,0.00
10.001658620000,0.00
10.001659640000,0.00
10.001660660000,0.00
10.001661680000,0.00
10.001662700000,0.00
10.001663720000,0.00
10.001664740000,0.00
10.001665760000,0.00
10.001666780000,0.00
10.001667800000,0.00
10.001668820000,0.00
10.001669840000,0.00
10.001670860000,0.00
10.001671880000,0.00
10.001672900000,0.00
10.001673920000,0.00
10.001674940000,0.00
10.001675960000,0.00
10.001676980000,0.00
10.001678000000,0.00
10.001679020000,0.00
10.001680040000,0.00
10.001681060000,0.00
10.001682080000,0.00
10.001683100000,0.00
10.001684120000,0.00
10.001685140000,0.00
10.001686160000,0.00
10.001687180000,0.00
10.001688200000,0.00
10.001689220000,0.00
10.001690240000,0.00
10.001691260000,0.00
10.001692280000,0.00
10.001693300000,0.00
10.001694320000,0.00
10.001695340000,0.00
10.001696360000,0.00
10.001697380000,0.00
10.001698400000,0.00
10.001699420000,0.00
10.001700440000,0.00
10.001701460000,0.00
10.001702480000,0.00
10.001703500000,0.00
10.001704520000,0.00
10.001705540000,0.00
10.001706560000,0.00
10.001707580000,0.00
10.001708600000,0.00
10.001709620000,0.00
10.001710640000,0.00
10.001711660000,0.00
10.001712680000,0.00
10.001713700000,0.00
10.001714720000,0.00
10.001715740000,0.00
10.001716760000,0.00
10.001717780000,0.00
10.001718800000,0.00
10.001719820000,0.00
10.001720840000,0.00
10.001721860000,0.00
10.001722880000,0.00
10.001723900000,0.00
10.001724920000,0.00
10.001725940000,0.00
10.001726960000,0.00
10.001727980000,0.00
10.001729000000,0.00
10.001730020000,0.00
10.001731040000,0.00
10.001732060000,0.00
10.001733080000,0.00
10.001734100000,0.00
10.001735120000,0.00
10.001736140000,0.00
10.001737160000,0.00
10.001738180000,0.00
10.001739200000,0.00
10.001740220000,0.00
10.001741240000,0.00
10.001742260000,0.00
10.001743280000,0.00
10.001744300000,0.00
10.001745320000,0.00
10.001746340000,0.00
10.001747360000,0.00
10.001748380000,0.00
10.001749400000,0.00
10.001750420000,0.00
10.001751440000,0.00
10.001752460000,0.00
10.001753480000,0.00
10.001754500000,0.00
10.001755520000,0.00
10.001756540000,0.00
10.001757560000,0.00
10.001758580000,0.00
10.001759600000,0.00
10.001760620000,0.00
10.001761640000,0.00
10.001762660000,0.00
10.001763680000,0.00
10.001764700000,0.00
10.001765720000,0.00
10.001766740000,0.00
10.001767760000,0.00
10.001768780000,0.00
10.001769800000,0.00
10.001770820000,0.00
10.001771840000,0.00
10.001772860000,0.00
10.001773880000,0.00
10.001774900000,0.00
10.001775920000,0.00
10.001776940000,0.00
10.001777960000,0.00
10.001778980000,0.00
10.001780000000,0.00
10.001781020000,0.00
10.001782040000,0.00
10.001783060000,0.00
10.001784080000,0.00
10.001785100000,0.00
10.001786120000,0.00
10.001787140000,0.00
10.001788160000,0.00
10.001789180000,0.00
10.001790200000,0.00
10.001791220000,0.00
10.001792240000,0.00
10.001793260000,0.00
10.001794280000,0.00
10.001795300000,0.00
10.001796320000,0.00
10.001797340000,0.00
10.001798360000,0.00
10.001799380000,0.00
10.001800400000,0.00
10.001801420000,0.00
10.001802440000,0.00
10.001803460000,0.00
10.001804480000,0.00
10.001805500000,0.00
10.001806520000,0.00
10.001807540000,0.00
10.001808560000,0.00
10.001809580000,0.00
10.001810600000,0.00
10.001811620000,0.00
10.001812640000,0.00
10.001813660000,0.00
10.001814680000,0.00
10.001815700000,0.00
10.001816720000,0.00
10.001817740000,0.00
10.001818760000,0.00
10.001819780000,0.00
10.001820800000,0.00
10.001821820000,0.00
10.001822840000,0.00
10.001823860000,0.00
10.001824880000,0.00
10.001825900000,0.00
10.001826920000,0.00
10.001827940000,0.00
10.001828960000,0.00
10.001829980000,0.00
10.001831000000,0.00
10.001832020000,0.00
10.001833040000,0.00
10.001834060000,0.00
10.001835080000,0.00
10.001836100000,0.00
10.001837120000,0.00
10.001838140000,0.00
10.001839160000,0.00
10.001840180000,0.00
10.001841200000,0.00
10.001842220000,0.00
10.001843240000,0.00
10.001844260000,0.00
10.001845280000,0.00
10.001846300000,0.00
10.001847320000,0.00
10.001848340000,0.00
10.001849360000,0.00
10.001850380000,0.00
10.001851400000,0.00
10.001852420000,0.00
10.001853440000,0.00
10.001854460000,0.00
10.001855480000,0.00
10.001856500000,0.00
10.001857520000,0.00
10.001858540000,0.00
10.001859560000,0.00
10.001860580000,0.00
10.001861600000,0.00
10.001862620000,0.00
10.001863640000,0.00
10.001864660000,0.00
10.001865680000,0.00
10.001866700000,0.00
10.001867720000,0.00
10.001868740000,0.00
10.001869760000,0.00
10.001870780000,0.00
10.001871800000,0.00
10.001872820000,0.00
10.001873840000,0.00
10.001874860000,0.00
10.001875880000,0.00
10.001876900000,0.00
10.001877920000,0.00
10.001878940000,0.00
10.001879960000,0.00
10.001880980000,0.00
10.001882000000,0.00
10.001883020000,0.00
10.001884040000,0.00
10.001885060000,0.00
10.001886080000,0.00
10.001887100000,0.00
10.001888120000,0.00
10.001889140000,0.00
10.001890160000,0.00
10.001891180000,0.00
10.001892200000,0.00
10.001893220000,0.00
10.001894240000,0.00
10.001895260000,0.00
10.001896280000,0.00
10.001897300000,0.00
10.001898320000,0.00
10.001899340000,0.00
10.001900360000,0.00
10.001901380000,0.00
10.001902400000,0.00
10.001903420000,0.00
10.001904440000,0.00
10.001905460000,0.00
10.001906480000,0.00
10.001907500000,0.00
10.001908520000,0.00
10.001909540000,0.00
10.001910560000,0.00
10.001911580000,0.00
10.001912600000,0.00
10.001913620000,0.00
10.001914640000,0.00
10.001915660000,0.00
10.001916680000,0.00
10.001917700000,0.00
10.001918720000,0.00
10.001919740000,0.00
10.001920760000,0.00
10.001921780000,0.00
10.001922800000,0.00
10.001923820000,0.00
10.001924840000,0.00
10.001925860000,0.00
10.001926880000,0.00
10.001927900000,0.00
10.001928920000,0.00
10.001929940000,0.00
10.001930960000,0.00
10.001931980000,0.00
10.001933000000,0.00
10.001934020000,0.00
10.001935040000,0.00
10.001936060000,0.00
10.001937080000,0.00
10.001938100000,0.00
10.001939120000,0.00
10.001940140000,0.00
10.001941160000,0.00
10.001942180000,0.00
10.001943200000,0.00
10.001944220000,0.00
10.001945240000,0.00
10.001946260000,0.00
10.001947280000,0.00
10.001948300000,0.00
10.001949320000,0.00
10.001950340000,0.00
10.001951360000,0.00
10.001952380000,0.00
10.001953400000,0.00
10.001954420000,0.00
10.001955440000,0.00
10.001956460000,0.00
10.001957480000,0.00
10.001958500000,0.00
10.001959520000,0.00
10.001960540000,0.00
10.001961560000,0.00
10.001962580000,0.00
10.001963600000,0.00
10.001964620000,0.00
10.001965640000,0.00
10.001966660000,0.00
10.001967680000,0.00
10.001968700000,0.00
10.001969720000,0.00
10.001970740000,0.00
10.001971760000,0.00
10.001972780000,0.00
10.001973800000,0.00
10.001974820000,0.00
10.001975840000,0.00
10.001976860000,0.00
10.001977880000,0.00
10.001978900000,0.00
10.001979920000,0.00
10.001980940000,0.00
10.001981960000,0.00
10.001982980000,0.00
10.001984000000,0.00
10.001985020000,0.00
10.001986040000,0.00
10.001987060000,0.00
10.001988080000,0.00
10.001989100000,0.00
10.001990120000,0.00
10.001991140000,0.00
10.001992160000,0.00
10.001993180000,0.00
10.001994200000,0.00
10.001995220000,0.00
10.001996240000,0.00
10.001997260000,0.00
10.001998280000,0.00
10.001999300000,0.00
10.002000320000,0.00
10.002001340000,0.00
10.002002360000,0.00
10.002003380000,0.00
10.002004400000,0.00
10.002005420000,0.00
10.002006440000,0.00
10.002007460000,0.00
10.002008480000,0.00
10.002009500000,0.00
10.002010520000,0.00
10.002011540000,0.00
10.002012560000,0.00
10.002013580000,0.00
10.002014600000,0.00
10.002015620000,0.00
10.002016640000,0.00
10.002017660000,0.00
10.002018680000,0.00
10.002019700000,0.00
10.002020720000,0.00
10.002021740000,0.00
10.002022760000,0.00
10.002023780000,0.00
10.002024800000,0.00
10.002025820000,0.00
10.002026840000,0.00
10.002027860000,0.00
10.002028880000,0.00
10.002029900000,0.00
10.002030920000,0.00
10.002031940000,0.00
10.002032960000,0.00
10.002033980000,0.00
10.002035000000,0.00
10.002036020000,0.00
10.002037040000,0.00
10.002038060000,0.00
10.002039080000,0.00
10.002040100000,0.00
10.002041120000,0.00
10.002042140000,0.00
10.002043160000,0.00
10.002044180000,0.00
10.002045200000,0.00
10.002046220000,0.00
10.002047240000,0.00
10.002048260000,0.00
10.002049280000,0.00
10.002050300000,0.00
10.002051320000,0.00
10.002052340000,0.00
10.002053360000,0.00
10.002054380000,0.00
10.002055400000,0.00
10.002056420000,0.00
10.002057440000,0.00
10.002058460000,0.00
10.002059480000,0.00
10.002060500000,0.00
10.002061520000,0.00
10.002062540000,0.00
10.002063560000,0.00
10.002064580000,0.00
10.002065600000,0.00
10.002066620000,0.00
10.002067640000,0.00
10.002068660000,0.00
10.002069680000,0.00
10.002070700000,0.00
10.002071720000,0.00
10.002072740000,0.00
10.002073760000,0.00
10.002074780000,0.00
10.002075800000,0.00
10.002076820000,0.00
10.002077840000,0.00
10.002078860000,0.00
10.002079880000,0.00
10.002080900000,0.00
10.002081920000,0.00
10.002082940000,0.00
10.002083960000,0.00
10.002084980000,0.00
10.002086000000,0.00
10.002087020000,0.00
10.002088040000,0.00
10.002089060000,0.00
10.002090080000,0.00
10.002091100000,0.00
10.002092120000,0.00
10.002093140000,0.00
10.002094160000,0.00
10.002095180000,0.00
10.002096200000,0.00
10.002097220000,0.00
10.002098240000,0.00
10.002099260000,0.00
10.002100280000,0.00
10.002101300000,0.00
10.002102320000,0.00
10.002103340000,0.00
10.002104360000,0.00
10.002105380000,0.00
10.002106400000,0.00
10.002107420000,0.00
10.002108440000,0.00
10.002109460000,0.00
10.002110480000,0.00
10.002111500000,0.00
10.002112520000,0.00
10.002113540000,0.00
10.002114560000,0.00
10.002115580000,0.00
10.002116600000,0.00
10.002117620000,0.00
10.002118640000,0.00
10.002119660000,0.00
10.002120680000,0.00
10.002121700000,0.00
10.002122720000,0.00
10.002123740000,0.00
10.002124760000,0.00
10.002125780000,0.00
10.002126800000,0.00
10.002127820000,0.00
10.002128840000,0.00
10.002129860000,0.00
10.002130880000,0.00
10.002131900000,0.00
10.002132920000,0.00
10.002133940000,0.00
10.002134960000,0.00
10.002135980000,0.00
10.002137000000,0.00
10.002138020000,0.00
10.002139040000,0.00
10.002140060000,0.00
10.002141080000,0.00
10.002142100000,0.00
10.002143120000,0.00
10.002144140000,0.00
10.002145160000,0.00
10.002146180000,0.00
10.002147200000,0.00
10.002148220000,0.00
10.002149240000,0.00
10.002150260000,0.00
10.002151280000,0.00
10.002152300000,0.00
10.002153320000,0.00
10.002154340000,0.00
10.002155360000,0.00
10.002156380000,0.00
10.002157400000,0.00
10.002158420000,0.00
10.002159440000,0.00
10.002160460000,0.00
10.002161480000,0.00
10.002162500000,0.00
10.002163520000,0.00
10.002164540000,0.00
10.002165560000,0.00
10.002166580000,0.00
10.002167600000,0.00
10.002168620000,0.00
10.002169640000,0.00
10.002170660000,0.00
10.002171680000,0.00
10.002172700000,0.00
10.002173720000,0.00
10.002174740000,0.00
10.002175760000,0.00
10.002176780000,0.00
10.002177800000,0.00
10.002178820000,0.00
10.002179840000,0.00
10.002180860000,0.00
10.002181880000,0.00
10.002182900000,0.00
10.002183920000,0.00
10.002184940000,0.00
10.002185960000,0.00
10.002186980000,0.00
10.002188000000,0.00
10.002189020000,0.00
10.002190040000,0.00
10.002191060000,0.00
10.002192080000,0.00
10.002193100000,0.00
10.002194120000,0.00
10.002195140000,0.00
10.002196160000,0.00
10.002197180000,0.00
10.002198200000,0.00
10.002199220000,0.00
10.002200240000,0.00
10.002201260000,0.00
10.002202280000,0.00
10.002203300000,0.00
10.002204320000,0.00
10.002205340000,0.00
10.002206360000,0.00
10.002207380000,0.00
10.002208400000,0.00
10.002209420000,0.00
10.002210440000,0.00
10.002211460000,0.00
10.002212480000,0.00
10.002213500000,0.00
10.002214520000,0.00
10.002215540000,0.00
10.002216560000,0.00
10.002217580000,0.00
10.002218600000,0.00
10.002219620000,0.00
10.002220640000,0.00
10.002221660000,0.00
10.002222680000,0.00
10.002223700000,0.00
10.002224720000,0.00
10.002225740000,0.00
10.002226760000,0.00
10.002227780000,0.00
10.002228800000,0.00
10.002229820000,0.00
10.002230840000,0.00
10.002231860000,0.00
10.002232880000,0.00
10.002233900000,0.00
10.002234920000,0.00
10.002235940000,0.00
10.002236960000,0.00
10.002237980000,0.00
10.002239000000,0.00
10.002240020000,0.00
10.002241040000,0.00
10.002242060000,0.00
10.002243080000,0.00
10.002244100000,0.00
10.002245120000,0.00
10.002246140000,0.00
10.002247160000,0.00
10.002248180000,0.00
10.002249200000,0.00
10.002250220000,0.00
10.002251240000,0.00
10.002252260000,0.00
10.002253280000,0.00
10.002254300000,0.00
10.002255320000,0.00
10.002256340000,0.00
10.002257360000,0.00
10.002258380000,0.00
10.002259400000,0.00
10.002260420000,0.00
10.002261440000,0.00
10.002262460000,0.00
10.002263480000,0.00
10.002264500000,0.00
10.002265520000,0.00
10.002266540000,0.00
10.002267560000,0.00
10.002268580000,0.00
10.002269600000,0.00
10.002270620000,0.00
10.002271640000,0.00
10.002272660000,0.00
10.002273680000,0.00
10.002274700000,0.00
10.002275720000,0.00
10.002276740000,0.00
10.002277760000,0.00
10.002278780000,0.00
10.002279800000,0.00
10.002280820000,0.00
10.002281840000,0.00
10.002282860000,0.00
10.002283880000,0.00
10.002284900000,0.00
10.002285920000,0.00
10.002286940000,0.00
10.002287960000,0.00
10.002288980000,0.00
10.002290000000,0.00
10.002291020000,0.00
10.002292040000,0.00
10.002293060000,0.00
10.002294080000,0.00
10.002295100000,0.00
10.002296120000,0.00
10.002297140000,0.00
10.002298160000,0.00
10.002299180000,0.00
10.002300200000,0.00
10.002301220000,0.00
10.002302240000,0.00
10.002303260000,0.00
10.002304280000,0.00
10.002305300000,0.00
10.002306320000,0.00
10.002307340000,0.00
10.002308360000,0.00
10.002309380000,0.00
10.002310400000,0.00
10.002311420000,0.00
10.002312440000,0.00
10.002313460000,0.00
10.002314480000,0.00
10.002315500000,0.00
10.002316520000,0.00
10.002317540000,0.00
10.002318560000,0.00
10.002319580000,0.00
10.002320600000,0.00
10.002321620000,0.00
10.002322640000,0.00
10.002323660000,0.00
10.002324680000,0.00
10.002325700000,0.00
10.002326720000,0.00
10.002327740000,0.00
10.002328760000,0.00
10.002329780000,0.00
10.002330800000,0.00
10.002331820000,0.00
10.002332840000,0.00
10.002333860000,0.00
10.002334880000,0.00
10.002335900000,0.00
10.002336920000,0.00
10.002337940000,0.00
10.002338960000,0.00
10.002339980000,0.00
10.002341000000,0.00
10.002342020000,0.00
10.002343040000,0.00
10.002344060000,0.00
10.002345080000,0.00
10.002346100000,0.00
10.002347120000,0.00
10.002348140000,0.00
10.002349160000,0.00
10.002350180000,0.00
10.002351200000,0.00
10.002352220000,0.00
10.002353240000,0.00
10.002354260000,0.00
10.002355280000,0.00
10.002356300000,0.00
10.002357320000,0.00
10.002358340000,0.00
10.002359360000,0.00
10.002360380000,0.00
10.002361400000,0.00
10.002362420000,0.00
10.002363440000,0.00
10.002364460000,0.00
10.002365480000,0.00
10.002366500000,0.00
10.002367520000,0.00
10.002368540000,0.00
10.002369560000,0.00
10.002370580000,0.00
10.002371600000,0.00
10.002372620000,0.00
10.002373640000,0.00
10.002374660000,0.00
10.002375680000,0.00
10.002376700000,0.00
10.002377720000,0.00
10.002378740000,0.00
10.002379760000,0.00
10.002380780000,0.00
10.002381800000,0.00
10.002382820000,0.00
10.002383840000,0.00
10.002384860000,0.00
10.002385880000,0.00
10.002386900000,0.00
10.002387920000,0.00
10.002388940000,0.00
10.002389960000,0.00
10.002390980000,0.00
10.002392000000,0.00
10.002393020000,0.00
10.002394040000,0.00
10.002395060000,0.00
10.002396080000,0.00
10.002397100000,0.00
10.002398120000,0.00
10.002399140000,0.00
10.002400160000,0.00
10.002401180000,0.00
10.002402200000,0.00
10.002403220000,0.00
10.002404240000,0.00
10.002405260000,0.00
10.002406280000,0.00
10.002407300000,0.00
10.002408320000,0.00
10.002409340000,0.00
10.002410360000,0.00
10.002411380000,0.00
10.002412400000,0.00
10.002413420000,0.00
10.002414440000,0.00
10.002415460000,0.00
10.002416480000,0.00
10.002417500000,0.00
10.002418520000,0.00
10.002419540000,0.00
10.002420560000,0.00
10.002421580000,0.00
10.002422600000,0.00
10.002423620000,0.00
10.002424640000,0.00
10.002425660000,0.00
10.002426680000,0.00
10.002427700000,0.00
10.002428720000,0.00
10.002429740000,0.00
10.002430760000,0.00
10.002431780000,0.00
10.002432800000,0.00
10.002433820000,0.00
10.002434840000,0.00
10.002435860000,0.00
10.002436880000,0.00
10.002437900000,0.00
10.002438920000,0.00
10.002439940000,0.00
10.002440960000,0.00
10.002441980000,0.00
10.002443000000,0.00
10.002444020000,0.00
10.002445040000,0.00
10.002446060000,0.00
10.002447080000,0.00
10.002448100000,0.00
10.002449120000,0.00
10.002450140000,0.00
10.002451160000,0.00
10.002452180000,0.00
10.002453200000,0.00
10.002454220000,0.00
10.002455240000,0.00
10.002456260000,0.00
10.002457280000,0.00
10.002458300000,0.00
10.002459320000,0.00
10.002460340000,0.00
10.002461360000,0.00
10.002462380000,0.00
10.002463400000,0.00
10.002464420000,0.00
10.002465440000,0.00
10.002466460000,0.00
10.002467480000,0.00
10.002468500000,0.00
10.002469520000,0.00
10.002470540000,0.00
10.002471560000,0.00
10.002472580000,0.00
10.002473600000,0.00
10.002474620000,0.00
10.002475640000,0.00
10.002476660000,0.00
10.002477680000,0.00
10.002478700000,0.00
10.002479720000,0.00
10.002480740000,0.00
10.002481760000,0.00
10.002482780000,0.00
10.002483800000,0.00
10.002484820000,0.00
10.002485840000,0.00
10.002486860000,0.00
10.002487880000,0.00
10.002488900000,0.00
10.002489920000,0.00
10.002490940000,0.00
10.002491960000,0.00
10.002492980000,0.00
10.002494000000,0.00
10.002495020000,0.00
10.002496040000,0.00
10.002497060000,0.00
10.002498080000,0.00
10.002499100000,0.00
10.002500120000,0.00
10.002501140000,0.00
10.002502160000,0.00
10.002503180000,0.00
10.002504200000,0.00
10.002505220000,0.00
10.002506240000,0.00
10.002507260000,0.00
10.002508280000,0.00
10.002509300000,0.00
10.002510320000,0.00
10.002511340000,0.00
10.002512360000,0.00
10.002513380000,0.00
10.002514400000,0.00
10.002515420000,0.00
10.002516440000,0.00
10.002517460000,0.00
10.002518480000,0.00
10.002519500000,0.00
10.002520520000,0.00
10.002521540000,0.00
10.002522560000,0.00
10.002523580000,0.00
10.002524600000,0.00
10.002525620000,0.00
10.002526640000,0.00
10.002527660000,0.00
10.002528680000,0.00
10.002529700000,0.00
10.002530720000,0.00
10.002531740000,0.00
10.002532760000,0.00
10.002533780000,0.00
10.002534800000,0.00
10.002535820000,0.00
10.002536840000,0.00
10.002537860000,0.00
10.002538880000,0.00
10.002539900000,0.00
10.002540920000,0.00
10.002541940000,0.00
10.002542960000,0.00
10.002543980000,0.00
10.002545000000,0.00
10.002546020000,0.00
10.002547040000,0.00
10.002548060000,0.00
10.002549080000,0.00
10.002550100000,0.00
10.002551120000,0.00
10.002552140000,0.00
10.002553160000,0.00
10.002554180000,0.00
10.002555200000,0.00
10.002556220000,0.00
10.002557240000,0.00
10.002558260000,0.00
10.002559280000,0.00
10.002560300000,0.00
10.002561320000,0.00
10.002562340000,0.00
10.002563360000,0.00
10.002564380000,0.00
10.002565400000,0.00
10.002566420000,0.00
10.002567440000,0.00
10.002568460000,0.00
10.002569480000,0.00
10.002570500000,0.00
10.002571520000,0.00
10.002572540000,0.00
10.002573560000,0.00
10.002574580000,0.00
10.002575600000,0.00
10.002576620000,0.00
10.002577640000,0.00
10.002578660000,0.00
10.002579680000,0.00
10.002580700000,0.00
10.002581720000,0.00
10.002582740000,0.00
10.002583760000,0.00
10.002584780000,0.00
10.002585800000,0.00
10.002586820000,0.00
10.002587840000,0.00
10.002588860000,0.00
10.002589880000,0.00
10.002590900000,0.00
10.002591920000,0.00
10.002592940000,0.00
10.002593960000,0.00
10.002594980000,0.00
10.002596000000,0.00
10.002597020000,0.00
10.002598040000,0.00
10.002599060000,0.00
10.002600080000,0.00
10.002601100000,0.00
10.002602120000,0.00
10.002603140000,0.00
10.002604160000,0.00
10.002605180000,0.00
10.002606200000,0.00
10.002607220000,0.00
10.002608240000,0.00
10.002609260000,0.00
10.002610280000,0.00
10.002611300000,0.00
10.002612320000,0.00
10.002613340000,0.00
10.002614360000,0.00
10.002615380000,0.00
10.002616400000,0.00
10.002617420000,0.00
10.002618440000,0.00
10.002619460000,0.00
10.002620480000,0.00
10.002621500000,0.00
10.002622520000,0.00
10.002623540000,0.00
10.002624560000,0.00
10.002625580000,0.00
10.002626600000,0.00
10.002627620000,0.00
10.002628640000,0.00
10.002629660000,0.00
10.002630680000,0.00
10.002631700000,0.00
10.002632720000,0.00
10.002633740000,0.00
10.002634760000,0.00
10.002635780000,0.00
10.002636800000,0.00
10.002637820000,0.00
10.002638840000,0.00
10.002639860000,0.00
10.002640880000,0.00
10.002641900000,0.00
10.002642920000,0.00
10.002643940000,0.00
10.002644960000,0.00
10.002645980000,0.00
10.002647000000,0.00
10.002648020000,0.00
10.002649040000,0.00
10.002650060000,0.00
10.002651080000,0.00
10.002652100000,0.00
10.002653120000,0.00
10.002654140000,0.00
10.002655160000,0.00
10.002656180000,0.00
10.002657200000,0.00
10.002658220000,0.00
10.002659240000,0.00
10.002660260000,0.00
10.002661280000,0.00
10.002662300000,0.00
10.002663320000,0.00
10.002664340000,0.00
10.002665360000,0.00
10.002666380000,0.00
10.002667400000,0.00
10.002668420000,0.00
10.002669440000,0.00
10.002670460000,0.00
10.002671480000,0.00
10.002672500000,0.00
10.002673520000,0.00
10.002674540000,0.00
10.002675560000,0.00
10.002676580000,0.00
10.002677600000,0.00
10.002678620000,0.00
10.002679640000,0.00
10.002680660000,0.00
10.002681680000,0.00
10.002682700000,0.00
10.002683720000,0.00
10.002684740000,0.00
10.002685760000,0.00
10.002686780000,0.00
10.002687800000,0.00
10.002688820000,0.00
10.002689840000,0.00
10.002690860000,0.00
10.002691880000,0.00
10.002692900000,0.00
10.002693920000,0.00
10.002694940000,0.00
10.002695960000,0.00
10.002696980000,0.00
10.002698000000,0.00
10.002699020000,0.00
10.002700040000,0.00
10.002701060000,0.00
10.002702080000,0.00
10.002703100000,0.00
10.002704120000,0.00
10.002705140000,0.00
10.002706160000,0.00
10.002707180000,0.00
10.002708200000,0.00
10.002709220000,0.00
10.002710240000,0.00
10.002711260000,0.00
10.002712280000,0.00
10.002713300000,0.00
10.002714320000,0.00
10.002715340000,0.00
10.002716360000,0.00
10.002717380000,0.00
10.002718400000,0.00
10.002719420000,0.00
10.002720440000,0.00
10.002721460000,0.00
10.002722480000,0.00
10.002723500000,0.00
10.002724520000,0.00
10.002725540000,0.00
10.002726560000,0.00
10.002727580000,0.00
10.002728600000,0.00
10.002729620000,0.00
10.002730640000,0.00
10.002731660000,0.00
10.002732680000,0.00
10.002733700000,0.00
10.002734720000,0.00
10.002735740000,0.00
10.002736760000,0.00
10.002737780000,0.00
10.002738800000,0.00
10.002739820000,0.00
10.002740840000,0.00
10.002741860000,0.00
10.002742880000,0.00
10.002743900000,0.00
10.002744920000,0.00
10.002745940000,0.00
10.002746960000,0.00
10.002747980000,0.00
10.002749000000,0.00
10.002750020000,0.00
10.002751040000,0.00
10.002752060000,0.00
10.002753080000,0.00
10.002754100000,0.00
10.002755120000,0.00
10.002756140000,0.00
10.002757160000,0.00
10.002758180000,0.00
10.002759200000,0.00
10.002760220000,0.00
10.002761240000,0.00
10.002762260000,0.00
10.002763280000,0.00
10.002764300000,0.00
10.002765320000,0.00
10.002766340000,0.00
10.002767360000,0.00
10.002768380000,0.00
10.002769400000,0.00
10.002770420000,0.00
10.002771440000,0.00
10.002772460000,0.00
10.002773480000,0.00
10.002774500000,0.00
10.002775520000,0.00
10.002776540000,0.00
10.002777560000,0.00
10.002778580000,0.00
10.002779600000,0.00
10.002780620000,0.00
10.002781640000,0.00
10.002782660000,0.00
10.002783680000,0.00
10.002784700000,0.00
10.002785720000,0.00
10.002786740000,0.00
10.002787760000,0.00
10.002788780000,0.00
10.002789800000,0.00
10.002790820000,0.00
10.002791840000,0.00
10.002792860000,0.00
10.002793880000,0.00
10.002794900000,0.00
10.002795920000,0.00
10.002796940000,0.00
10.002797960000,0.00
10.002798980000,0.00
10.002800000000,0.00
10.002801020000,0.00
10.002802040000,0.00
10.002803060000,0.00
10.002804080000,0.00
10.002805100000,0.00
10.002806120000,0.00
10.002807140000,0.00
10.002808160000,0.00
10.002809180000,0.00
10.002810200000,0.00
10.002811220000,0.00
10.002812240000,0.00
10.002813260000,0.00
10.002814280000,0.00
10.002815300000,0.00
10.002816320000,0.00
10.002817340000,0.00
10.002818360000,0.00
10.002819380000,0.00
10.002820400000,0.00
10.002821420000,0.00
10.002822440000,0.00
10.002823460000,0.00
10.002824480000,0.00
10.002825500000,0.00
10.002826520000,0.00
10.002827540000,0.00
10.002828560000,0.00
10.002829580000,0.00
10.002830600000,0.00
10.002831620000,0.00
10.002832640000,0.00
10.002833660000,0.00
10.002834680000,0.00
10.002835700000,0.00
10.002836720000,0.00
10.002837740000,0.00
10.002838760000,0.00
10.002839780000,0.00
10.002840800000,0.00
10.002841820000,0.00
10.002842840000,0.00
10.002843860000,0.00
10.002844880000,0.00
10.002845900000,0.00
10.002846920000,0.00
10.002847940000,0.00
10.002848960000,0.00
10.002849980000,0.00
10.002851000000,0.00
10.002852020000,0.00
10.002853040000,0.00
10.002854060000,0.00
10.002855080000,0.00
10.002856100000,0.00
10.002857120000,0.00
10.002858140000,0.00
10.002859160000,0.00
10.002860180000,0.00
10.002861200000,0.00
10.002862220000,0.00
10.002863240000,0.00
10.002864260000,0.00
10.002865280000,0.00
10.002866300000,0.00
10.002867320000,0.00
10.002868340000,0.00
10.002869360000,0.00
10.002870380000,0.00
10.002871400000,0.00
10.002872420000,0.00
10.002873440000,0.00
10.002874460000,0.00
10.002875480000,0.00
10.002876500000,0.00
10.002877520000,0.00
10.002878540000,0.00
10.002879560000,0.00
10.002880580000,0.00
10.002881600000,0.00
10.002882620000,0.00
10.002883640000,0.00
10.002884660000,0.00
10.002885680000,0.00
10.002886700000,0.00
10.002887720000,0.00
10.002888740000,0.00
10.002889760000,0.00
10.002890780000,0.00
10.002891800000,0.00
10.002892820000,0.00
10.002893840000,0.00
10.002894860000,0.00
10.002895880000,0.00
10.002896900000,0.00
10.002897920000,0.00
10.002898940000,0.00
10.002899960000,0.00
10.002900980000,0.00
10.002902000000,0.00
10.002903020000,0.00
10.002904040000,0.00
10.002905060000,0.00
10.002906080000,0.00
10.002907100000,0.00
10.002908120000,0.00
10.002909140000,0.00
10.002910160000,0.00
10.002911180000,0.00
10.002912200000,0.00
10.002913220000,0.00
10.002914240000,0.00
10.002915260000,0.00
10.002916280000,0.00
10.002917300000,0.00
10.002918320000,0.00
10.002919340000,0.00
10.002920360000,0.00
10.002921380000,0.00
10.002922400000,0.00
10.002923420000,0.00
10.002924440000,0.00
10.002925460000,0.00
10.002926480000,0.00
10.002927500000,0.00
10.002928520000,0.00
10.002929540000,0.00
10.002930560000,0.00
10.002931580000,0.00
10.002932600000,0.00
10.002933620000,0.00
10.002934640000,0.00
10.002935660000,0.00
10.002936680000,0.00
10.002937700000,0.00
10.002938720000,0.00
10.002939740000,0.00
10.002940760000,0.00
10.002941780000,0.00
10.002942800000,0.00
10.002943820000,0.00
10.002944840000,0.00
10.002945860000,0.00
10.002946880000,0.00
10.002947900000,0.00
10.002948920000,0.00
10.002949940000,0.00
10.002950960000,0.00
10.002951980000,0.00
10.002953000000,0.00
10.002954020000,0.00
10.002955040000,0.00
10.002956060000,0.00
10.002957080000,0.00
10.002958100000,0.00
10.002959120000,0.00
10.002960140000,0.00
10.002961160000,0.00
10.002962180000,0.00
10.002963200000,0.00
10.002964220000,0.00
10.002965240000,0.00
10.002966260000,0.00
10.002967280000,0.00
10.002968300000,0.00
10.002969320000,0.00
10.002970340000,0.00
10.002971360000,0.00
10.002972380000,0.00
10.002973400000,0.00
10.002974420000,0.00
10.002975440000,0.00
10.002976460000,0.00
10.002977480000,0.00
10.002978500000,0.00
10.002979520000,0.00
10.002980540000,0.00
10.002981560000,0.00
10.002982580000,0.00
10.002983600000,0.00
10.002984620000,0.00
10.002985640000,0.00
10.002986660000,0.00
10.002987680000,0.00
10.002988700000,0.00
10.002989720000,0.00
10.002990740000,0.00
10.002991760000,0.00
10.002992780000,0.00
10.002993800000,0.00
10.002994820000,0.00
10.002995840000,0.00
10.002996860000,0.00
10.002997880000,0.00
10.002998900000,0.00
10.002999920000,0.00
10.003000940000,0.00
10.003001960000,0.00
10.003002980000,0.00
10.003004000000,0.00
10.003005020000,0.00
10.003006040000,0.00
10.003007060000,0.00
10.003008080000,0.00
10.003009100000,0.00
10.003010120000,0.00
10.003011140000,0.00
10.003012160000,0.00
10.003013180000,0.00
10.003014200000,0.00
10.003015220000,0.00
10.003016240000,0.00
10.003017260000,0.00
10.003018280000,0.00
10.003019300000,0.00
10.003020320000,0.00
10.003021340000,0.00
10.003022360000,0.00
10.003023380000,0.00
10.003024400000,0.00
10.003025420000,0.00
10.003026440000,0.00
10.003027460000,0.00
10.003028480000,0.00
10.003029500000,0.00
10.003030520000,0.00
10.003031540000,0.00
10.003032560000,0.00
10.003033580000,0.00
10.003034600000,0.00
10.003035620000,0.00
10.003036640000,0.00
10.003037660000,0.00
10.003038680000,0.00
10.003039700000,0.00
10.003040720000,0.00
10.003041740000,0.00
10.003042760000,0.00
10.003043780000,0.00
10.003044800000,0.00
10.003045820000,0.00
10.003046840000,0.00
10.003047860000,0.00
10.003048880000,0.00
10.003049900000,0.00
10.003050920000,0.00
10.003051940000,0.00
10.003052960000,0.00
10.003053980000,0.00
10.003055000000,0.00
10.003056020000,0.00
10.003057040000,0.00
10.003058060000,0.00
10.003059080000,0.00
10.003060100000,0.00
10.003061120000,0.00
10.003062140000,0.00
10.003063160000,0.00
10.003064180000,0.00
10.003065200000,0.00
10.003066220000,0.00
10.003067240000,0.00
10.003068260000,0.00
10.003069280000,0.00
10.003070300000,0.00
10.003071320000,0.00
10.003072340000,0.00
10.003073360000,0.00
10.003074380000,0.00
10.003075400000,0.00
10.003076420000,0.00
10.003077440000,0.00
10.003078460000,0.00
10.003079480000,0.00
10.003080500000,0.00
10.003081520000,0.00
10.003082540000,0.00
10.003083560000,0.00
10.003084580000,0.00
10.003085600000,0.00
10.003086620000,0.00
10.003087640000,0.00
10.003088660000,0.00
10.003089680000,0.00
10.003090700000,0.00
10.003091720000,0.00
10.003092740000,0.00
10.003093760000,0.00
10.003094780000,0.00
10.003095800000,0.00
10.003096820000,0.00
10.003097840000,0.00
10.003098860000,0.00
10.003099880000,0.00
10.003100900000,0.00
10.003101920000,0.00
10.003102940000,0.00
10.003103960000,0.00
10.003104980000,0.00
10.003106000000,0.00
10.003107020000,0.00
10.003108040000,0.00
10.003109060000,0.00
10.003110080000,0.00
10.003111100000,0.00
10.003112120000,0.00
10.003113140000,0.00
10.003114160000,0.00
10.003115180000,0.00
10.003116200000,0.00
10.003117220000,0.00
10.003118240000,0.00
10.003119260000,0.00
10.003120280000,0.00
10.003121300000,0.00
10.003122320000,0.00
10.003123340000,0.00
10.003124360000,0.00
10.003125380000,0.00
10.003126400000,0.00
10.003127420000,0.00
10.003128440000,0.00
10.003129460000,0.00
10.003130480000,0.00
10.003131500000,0.00
10.003132520000,0.00
10.003133540000,0.00
10.003134560000,0.00
10.003135580000,0.00
10.003136600000,0.00
10.003137620000,0.00
10.003138640000,0.00
10.003139660000,0.00
10.003140680000,0.00
10.003141700000,0.00
10.003142720000,0.00
10.003143740000,0.00
10.003144760000,0.00
10.003145780000,0.00
10.003146800000,0.00
10.003147820000,0.00
10.003148840000,0.00
10.003149860000,0.00
10.003150880000,0.00
10.003151900000,0.00
10.003152920000,0.00
10.003153940000,0.00
10.003154960000,0.00
10.003155980000,0.00
10.003157000000,0.00
10.003158020000,0.00
10.003159040000,0.00
10.003160060000,0.00
10.003161080000,0.00
10.003162100000,0.00
10.003163120000,0.00
10.003164140000,0.00
10.003165160000,0.00
10.003166180000,0.00
10.003167200000,0.00
10.003168220000,0.00
10.003169240000,0.00
10.003170260000,0.00
10.003171280000,0.00
10.003172300000,0.00
10.003173320000,0.00
10.003174340000,0.00
10.003175360000,0.00
10.003176380000,0.00
10.003177400000,0.00
10.003178420000,0.00
10.003179440000,0.00
10.003180460000,0.00
10.003181480000,0.00
10.003182500000,0.00
10.003183520000,0.00
10.003184540000,0.00
10.003185560000,0.00
10.003186580000,0.00
10.003187600000,0.00
10.003188620000,0.00
10.003189640000,0.00
10.003190660000,0.00
10.003191680000,0.00
10.003192700000,0.00
10.003193720000,0.00
10.003194740000,0.00
10.003195760000,0.00
10.003196780000,0.00
10.003197800000,0.00
10.003198820000,0.00
10.003199840000,0.00
10.003200860000,0.00
10.003201880000,0.00
10.003202900000,0.00
10.003203920000,0.00
10.003204940000,0.00
10.003205960000,0.00
10.003206980000,0.00
10.003208000000,0.00
10.003209020000,0.00
10.003210040000,0.00
10.003211060000,0.00
10.003212080000,0.00
10.003213100000,0.00
10.003214120000,0.00
10.003215140000,0.00
10.003216160000,0.00
10.003217180000,0.00
10.003218200000,0.00
10.003219220000,0.00
10.003220240000,0.00
10.003221260000,0.00
10.003222280000,0.00
10.003223300000,0.00
10.003224320000,0.00
10.003225340000,0.00
10.003226360000,0.00
10.003227380000,0.00
10.003228400000,0.00
10.003229420000,0.00
10.003230440000,0.00
10.003231460000,0.00
10.003232480000,0.00
10.003233500000,0.00
10.003234520000,0.00
10.003235540000,0.00
10.003236560000,0.00
10.003237580000,0.00
10.003238600000,0.00
10.003239620000,0.00
10.003240640000,0.00
10.003241660000,0.00
10.003242680000,0.00
10.003243700000,0.00
10.003244720000,0.00
10.003245740000,0.00
10.003246760000,0.00
10.003247780000,0.00
10.003248800000,0.00
10.003249820000,0.00
10.003250840000,0.00
10.003251860000,0.00
10.003252880000,0.00
10.003253900000,0.00
10.003254920000,0.00
10.003255940000,0.00
10.003256960000,0.00
10.003257980000,0.00
10.003259000000,0.00
10.003260020000,0.00
10.003261040000,0.00
10.003262060000,0.00
10.003263080000,0.00
10.003264100000,0.00
10.003265120000,0.00
10.003266140000,0.00
10.003267160000,0.00
10.003268180000,0.00
10.003269200000,0.00
10.003270220000,0.00
10.003271240000,0.00
10.003272260000,0.00
10.003273280000,0.00
10.003274300000,0.00
10.003275320000,0.00
10.003276340000,0.00
10.003277360000,0.00
10.003278380000,0.00
10.003279400000,0.00
10.003280420000,0.00
10.003281440000,0.00
10.003282460000,0.00
10.003283480000,0.00
10.003284500000,0.00
10.003285520000,0.00
10.003286540000,0.00
10.003287560000,0.00
10.003288580000,0.00
10.003289600000,0.00
10.003290620000,0.00
10.003291640000,0.00
10.003292660000,0.00
10.003293680000,0.00
10.003294700000,0.00
10.003295720000,0.00
10.003296740000,0.00
10.003297760000,0.00
10.003298780000,0.00
10.003299800000,0.00
10.003300820000,0.00
10.003301840000,0.00
10.003302860000,0.00
10.003303880000,0.00
10.003304900000,0.00
10.003305920000,0.00
10.003306940000,0.00
10.003307960000,0.00
10.003308980000,0.00
10.003310000000,0.00
10.003311020000,0.00
10.003312040000,0.00
10.003313060000,0.00
10.003314080000,0.00
10.003315100000,0.00
10.003316120000,0.00
10.003317140000,0.00
10.003318160000,0.00
10.003319180000,0.00
10.003320200000,0.00
10.003321220000,0.00
10.003322240000,0.00
10.003323260000,0.00
10.003324280000,0.00
10.003325300000,0.00
10.003326320000,0.00
10.003327340000,0.00
10.003328360000,0.00
10.003329380000,0.00
10.003330400000,0.00
10.003331420000,0.00
10.003332440000,0.00
10.003333460000,0.00
10.003334480000,0.00
10.003335500000,0.00
10.003336520000,0.00
10.003337540000,0.00
10.003338560000,0.00
10.003339580000,0.00
10.003340600000,0.00
10.003341620000,0.00
10.003342640000,0.00
10.003343660000,0.00
10.003344680000,0.00
10.003345700000,0.00
10.003346720000,0.00
10.003347740000,0.00
10.003348760000,0.00
10.003349780000,0.00
10.003350800000,0.00
10.003351820000,0.00
10.003352840000,0.00
10.003353860000,0.00
10.003354880000,0.00
10.003355900000,0.00
10.003356920000,0.00
10.003357940000,0.00
10.003358960000,0.00
10.003359980000,0.00
10.003361000000,0.00
10.003362020000,0.00
10.003363040000,0.00
10.003364060000,0.00
10.003365080000,0.00
10.003366100000,0.00
10.003367120000,0.00
10.003368140000,0.00
10.003369160000,0.00
10.003370180000,0.00
10.003371200000,0.00
10.003372220000,0.00
10.003373240000,0.00
10.003374260000,0.00
10.003375280000,0.00
10.003376300000,0.00
10.003377320000,0.00
10.003378340000,0.00
10.003379360000,0.00
10.003380380000,0.00
10.003381400000,0.00
10.003382420000,0.00
10.003383440000,0.00
10.003384460000,0.00
10.003385480000,0.00
10.003386500000,0.00
10.003387520000,0.00
10.003388540000,0.00
10.003389560000,0.00
10.003390580000,0.00
10.003391600000,0.00
10.003392620000,0.00
10.003393640000,0.00
10.003394660000,0.00
10.003395680000,0.00
10.003396700000,0.00
10.003397720000,0.00
10.003398740000,0.00
10.003399760000,0.00
10.003400780000,0.00
10.003401800000,0.00
10.003402820000,0.00
10.003403840000,0.00
10.003404860000,0.00
10.003405880000,0.00
10.003406900000,0.00
10.003407920000,0.00
10.003408940000,0.00
10.003409960000,0.00
10.003410980000,0.00
10.003412000000,0.00
10.003413020000,0.00
10.003414040000,0.00
10.003415060000,0.00
10.003416080000,0.00
10.003417100000,0.00
10.003418120000,0.00
10.003419140000,0.00
10.003420160000,0.00
10.003421180000,0.00
10.003422200000,0.00
10.003423220000,0.00
10.003424240000,0.00
10.003425260000,0.00
10.003426280000,0.00
10.003427300000,0.00
10.003428320000,0.00
10.003429340000,0.00
10.003430360000,0.00
10.003431380000,0.00
10.003432400000,0.00
10.003433420000,0.00
10.003434440000,0.00
10.003435460000,0.00
10.003436480000,0.00
10.003437500000,0.00
10.003438520000,0.00
10.003439540000,0.00
10.003440560000,0.00
10.003441580000,0.00
10.003442600000,0.00
10.003443620000,0.00
10.003444640000,0.00
10.003445660000,0.00
10.003446680000,0.00
10.003447700000,0.00
10.003448720000,0.00
10.003449740000,0.00
10.003450760000,0.00
10.003451780000,0.00
10.003452800000,0.00
10.003453820000,0.00
10.003454840000,0.00
10.003455860000,0.00
10.003456880000,0.00
10.003457900000,0.00
10.003458920000,0.00
10.003459940000,0.00
10.003460960000,0.00
10.003461980000,0.00
10.003463000000,0.00
10.003464020000,0.00
10.003465040000,0.00
10.003466060000,0.00
10.003467080000,0.00
10.003468100000,0.00
10.003469120000,0.00
10.003470140000,0.00
10.003471160000,0.00
10.003472180000,0.00
10.003473200000,0.00
10.003474220000,0.00
10.003475240000,0.00
10.003476260000,0.00
10.003477280000,0.00
10.003478300000,0.00
10.003479320000,0.00
10.003480340000,0.00
10.003481360000,0.00
10.003482380000,0.00
10.003483400000,0.00
10.003484420000,0.00
10.003485440000,0.00
10.003486460000,0.00
10.003487480000,0.00
10.003488500000,0.00
10.003489520000,0.00
10.003490540000,0.00
10.003491560000,0.00
10.003492580000,0.00
10.003493600000,0.00
10.003494620000,0.00
10.003495640000,0.00
10.003496660000,0.00
10.003497680000,0.00
10.003498700000,0.00
10.003499720000,0.00
10.003500740000,0.00
10.003501760000,0.00
10.003502780000,0.00
10.003503800000,0.00
10.003504820000,0.00
10.003505840000,0.00
10.003506860000,0.00
10.003507880000,0.00
10.003508900000,0.00
10.003509920000,0.00
10.003510940000,0.00
10.003511960000,0.00
10.003512980000,0.00
10.003514000000,0.00
10.003515020000,0.00
10.003516040000,0.00
10.003517060000,0.00
10.003518080000,0.00
10.003519100000,0.00
10.003520120000,0.00
10.003521140000,0.00
10.003522160000,0.00
10.003523180000,0.00
10.003524200000,0.00
10.003525220000,0.00
10.003526240000,0.00
10.003527260000,0.00
10.003528280000,0.00
10.003529300000,0.00
10.003530320000,0.00
10.003531340000,0.00
10.003532360000,0.00
10.003533380000,0.00
10.003534400000,0.00
10.003535420000,0.00
10.003536440000,0.00
10.003537460000,0.00
10.003538480000,0.00
10.003539500000,0.00
10.003540520000,0.00
10.003541540000,0.00
10.003542560000,0.00
10.003543580000,0.00
10.003544600000,0.00
10.003545620000,0.00
10.003546640000,0.00
10.003547660000,0.00
10.003548680000,0.00
10.003549700000,0.00
10.003550720000,0.00
10.003551740000,0.00
10.003552760000,0.00
10.003553780000,0.00
10.003554800000,0.00
10.003555820000,0.00
10.003556840000,0.00
10.003557860000,0.00
10.003558880000,0.00
10.003559900000,0.00
10.003560920000,0.00
10.003561940000,0.00
10.003562960000,0.00
10.003563980000,0.00
10.003565000000,0.00
10.003566020000,0.00
10.003567040000,0.00
10.003568060000,0.00
10.003569080000,0.00
10.003570100000,0.00
10.003571120000,0.00
10.003572140000,0.00
10.003573160000,0.00
10.003574180000,0.00
10.003575200000,0.00
10.003576220000,0.00
10.003577240000,0.00
10.003578260000,0.00
10.003579280000,0.00
10.003580300000,0.00
10.003581320000,0.00
10.003582340000,0.00
10.003583360000,0.00
10.003584380000,0.00
10.003585400000,0.00
10.003586420000,0.00
10.003587440000,0.00
10.003588460000,0.00
10.003589480000,0.00
10.003590500000,0.00
10.003591520000,0.00
10.003592540000,0.00
10.003593560000,0.00
10.003594580000,0.00
10.003595600000,0.00
10.003596620000,0.00
10.003597640000,0.00
10.003598660000,0.00
10.003599680000,0.00
10.003600700000,0.00
10.003601720000,0.00
10.003602740000,0.00
10.003603760000,0.00
10.003604780000,0.00
10.003605800000,0.00
10.003606820000,0.00
10.003607840000,0.00
10.003608860000,0.00
10.003609880000,0.00
10.003610900000,0.00
10.003611920000,0.00
10.003612940000,0.00
10.003613960000,0.00
10.003614980000,0.00
10.003616000000,0.00
10.003617020000,0.00
10.003618040000,0.00
10.003619060000,0.00
10.003620080000,0.00
10.003621100000,0.00
10.003622120000,0.00
10.003623140000,0.00
10.003624160000,0.00
10.003625180000,0.00
10.003626200000,0.00
10.003627220000,0.00
10.003628240000,0.00
10.003629260000,0.00
10.003630280000,0.00
10.003631300000,0.00
10.003632320000,0.00
10.003633340000,0.00
10.003634360000,0.00
10.003635380000,0.00
10.003636400000,0.00
10.003637420000,0.00
10.003638440000,0.00
10.003639460000,0.00
10.003640480000,0.00
10.003641500000,0.00
10.003642520000,0.00
10.003643540000,0.00
10.003644560000,0.00
10.003645580000,0.00
10.003646600000,0.00
10.003647620000,0.00
10.003648640000,0.00
10.003649660000,0.00
10.003650680000,0.00
10.003651700000,0.00
10.003652720000,0.00
10.003653740000,0.00
10.003654760000,0.00
10.003655780000,0.00
10.003656800000,0.00
10.003657820000,0.00
10.003658840000,0.00
10.003659860000,0.00
10.003660880000,0.00
10.003661900000,0.00
10.003662920000,0.00
10.003663940000,0.00
10.003664960000,0.00
10.003665980000,0.00
10.003667000000,0.00
10.003668020000,0.00
10.003669040000,0.00
10.003670060000,0.00
10.003671080000,0.00
10.003672100000,0.00
10.003673120000,0.00
10.003674140000,0.00
10.003675160000,0.00
10.003676180000,0.00
10.003677200000,0.00
10.003678220000,0.00
10.003679240000,0.00
10.003680260000,0.00
10.003681280000,0.00
10.003682300000,0.00
10.003683320000,0.00
10.003684340000,0.00
10.003685360000,0.00
10.003686380000,0.00
10.003687400000,0.00
10.003688420000,0.00
10.003689440000,0.00
10.003690460000,0.00
10.003691480000,0.00
10.003692500000,0.00
10.003693520000,0.00
10.003694540000,0.00
10.003695560000,0.00
10.003696580000,0.00
10.003697600000,0.00
10.003698620000,0.00
10.003699640000,0.00
10.003700660000,0.00
10.003701680000,0.00
10.003702700000,0.00
10.003703720000,0.00
10.003704740000,0.00
10.003705760000,0.00
10.003706780000,0.00
10.003707800000,0.00
10.003708820000,0.00
10.003709840000,0.00
10.003710860000,0.00
10.003711880000,0.00
10.003712900000,0.00
10.003713920000,0.00
10.003714940000,0.00
10.003715960000,0.00
10.003716980000,0.00
10.003718000000,0.00
10.003719020000,0.00
10.003720040000,0.00
10.003721060000,0.00
10.003722080000,0.00
10.003723100000,0.00
10.003724120000,0.00
10.003725140000,0.00
10.003726160000,0.00
10.003727180000,0.00
10.003728200000,0.00
10.003729220000,0.00
10.003730240000,0.00
10.003731260000,0.00
10.003732280000,0.00
10.003733300000,0.00
10.003734320000,0.00
10.003735340000,0.00
10.003736360000,0.00
10.003737380000,0.00
10.003738400000,0.00
10.003739420000,0.00
10.003740440000,0.00
10.003741460000,0.00
10.003742480000,0.00
10.003743500000,0.00
10.003744520000,0.00
10.003745540000,0.00
10.003746560000,0.00
10.003747580000,0.00
10.003748600000,0.00
10.003749620000,0.00
10.003750640000,0.00
10.003751660000,0.00
10.003752680000,0.00
10.003753700000,0.00
10.003754720000,0.00
10.003755740000,0.00
10.003756760000,0.00
10.003757780000,0.00
10.003758800000,0.00
10.003759820000,0.00
10.003760840000,0.00
10.003761860000,0.00
10.003762880000,0.00
10.003763900000,0.00
10.003764920000,0.00
10.003765940000,0.00
10.003766960000,0.00
10.003767980000,0.00
10.003769000000,0.00
10.003770020000,0.00
10.003771040000,0.00
10.003772060000,0.00
10.003773080000,0.00
10.003774100000,0.00
10.003775120000,0.00
10.003776140000,0.00
10.003777160000,0.00
10.003778180000,0.00
10.003779200000,0.00
10.003780220000,0.00
10.003781240000,0.00
10.003782260000,0.00
10.003783280000,0.00
10.003784300000,0.00
10.003785320000,0.00
10.003786340000,0.00
10.003787360000,0.00
10.003788380000,0.00
10.003789400000,0.00
10.003790420000,0.00
10.003791440000,0.00
10.003792460000,0.00
10.003793480000,0.00
10.003794500000,0.00
10.003795520000,0.00
10.003796540000,0.00
10.003797560000,0.00
10.003798580000,0.00
10.003799600000,0.00
10.003800620000,0.00
10.003801640000,0.00
10.003802660000,0.00
10.003803680000,0.00
10.003804700000,0.00
10.003805720000,0.00
10.003806740000,0.00
10.003807760000,0.00
10.003808780000,0.00
10.003809800000,0.00
10.003810820000,0.00
10.003811840000,0.00
10.003812860000,0.00
10.003813880000,0.00
10.003814900000,0.00
10.003815920000,0.00
10.003816940000,0.00
10.003817960000,0.00
10.003818980000,0.00
10.003820000000,0.00
10.003821020000,0.00
10.003822040000,0.00
10.003823060000,0.00
10.003824080000,0.00
10.003825100000,0.00
10.003826120000,0.00
10.003827140000,0.00
10.003828160000,0.00
10.003829180000,0.00
10.003830200000,0.00
10.003831220000,0.00
10.003832240000,0.00
10.003833260000,0.00
10.003834280000,0.00
10.003835300000,0.00
10.003836320000,0.00
10.003837340000,0.00
10.003838360000,0.00
10.003839380000,0.00
10.003840400000,0.00
10.003841420000,0.00
10.003842440000,0.00
10.003843460000,0.00
10.003844480000,0.00
10.003845500000,0.00
10.003846520000,0.00
10.003847540000,0.00
10.003848560000,0.00
10.003849580000,0.00
10.003850600000,0.00
10.003851620000,0.00
10.003852640000,0.00
10.003853660000,0.00
10.003854680000,0.00
10.003855700000,0.00
10.003856720000,0.00
10.003857740000,0.00
10.003858760000,0.00
10.003859780000,0.00
10.003860800000,0.00
10.003861820000,0.00
10.003862840000,0.00
10.003863860000,0.00
10.003864880000,0.00
10.003865900000,0.00
10.003866920000,0.00
10.003867940000,0.00
10.003868960000,0.00
10.003869980000,0.00
10.003871000000,0.00
10.003872020000,0.00
10.003873040000,0.00
10.003874060000,0.00
10.003875080000,0.00
10.003876100000,0.00
10.003877120000,0.00
10.003878140000,0.00
10.003879160000,0.00
10.003880180000,0.00
10.003881200000,0.00
10.003882220000,0.00
10.003883240000,0.00
10.003884260000,0.00
10.003885280000,0.00
10.003886300000,0.00
10.003887320000,0.00
10.003888340000,0.00
10.003889360000,0.00
10.003890380000,0.00
10.003891400000,0.00
10.003892420000,0.00
10.003893440000,0.00
10.003894460000,0.00
10.003895480000,0.00
10.003896500000,0.00
10.003897520000,0.00
10.003898540000,0.00
10.003899560000,0.00
10.003900580000,0.00
10.003901600000,0.00
10.003902620000,0.00
10.003903640000,0.00
10.003904660000,0.00
10.003905680000,0.00
10.003906700000,0.00
10.003907720000,0.00
10.003908740000,0.00
10.003909760000,0.00
10.003910780000,0.00
10.003911800000,0.00
10.003912820000,0.00
10.003913840000,0.00
10.003914860000,0.00
10.003915880000,0.00
10.003916900000,0.00
10.003917920000,0.00
10.003918940000,0.00
10.003919960000,0.00
10.003920980000,0.00
10.003922000000,0.00
10.003923020000,0.00
10.003924040000,0.00
10.003925060000,0.00
10.003926080000,0.00
10.003927100000,0.00
10.003928120000,0.00
10.003929140000,0.00
10.003930160000,0.00
10.003931180000,0.00
10.003932200000,0.00
10.003933220000,0.00
10.003934240000,0.00
10.003935260000,0.00
10.003936280000,0.00
10.003937300000,0.00
10.003938320000,0.00
10.003939340000,0.00
10.003940360000,0.00
10.003941380000,0.00
10.003942400000,0.00
10.003943420000,0.00
10.003944440000,0.00
10.003945460000,0.00
10.003946480000,0.00
10.003947500000,0.00
10.003948520000,0.00
10.003949540000,0.00
10.003950560000,0.00
10.003951580000,0.00
10.003952600000,0.00
10.003953620000,0.00
10.003954640000,0.00
10.003955660000,0.00
10.003956680000,0.00
10.003957700000,0.00
10.003958720000,0.00
10.003959740000,0.00
10.003960760000,0.00
10.003961780000,0.00
10.003962800000,0.00
10.003963820000,0.00
10.003964840000,0.00
10.003965860000,0.00
10.003966880000,0.00
10.003967900000,0.00
10.003968920000,0.00
10.003969940000,0.00
10.003970960000,0.00
10.003971980000,0.00
10.003973000000,0.00
10.003974020000,0.00
10.003975040000,0.00
10.003976060000,0.00
10.003977080000,0.00
10.003978100000,0.00
10.003979120000,0.00
10.003980140000,0.00
10.003981160000,0.00
10.003982180000,0.00
10.003983200000,0.00
10.003984220000,0.00
10.003985240000,0.00
10.003986260000,0.00
10.003987280000,0.00
10.003988300000,0.00
10.003989320000,0.00
10.003990340000,0.00
10.003991360000,0.00
10.003992380000,0.00
10.003993400000,0.00
10.003994420000,0.00
10.003995440000,0.00
10.003996460000,0.00
10.003997480000,0.00
10.003998500000,0.00
10.003999520000,0.00
